Name ,Gender
KRISHNARAJ,MALE
SHAHUL HAMEED,MALE
AKSHAY,MALE
JAYASURYA,MALE
RUTHRAKUMAR,MALE
DHINESHKUMAR,MALE
PRASHANTH,MALE
VIJAI,MALE
RAVISANKAR,MALE
FRANCIS XAVIER,MALE
MUHAMMED JASIM K,MALE
VIMAL,MALE
MOHAMEDANSARI,MALE
ASWANTH,MALE
SUMANTH P,MALE
JEEVANANDHAM,MALE
GOPALAKRISHNAN,MALE
BETA HERIN,MALE
ABDULLAH,MALE
AMAN,MALE
DINESH,MALE
HARISH,MALE
DHANARAJ,MALE
NIKHIL,MALE
KEERTHIVASAN,MALE
PRANAV N,MALE
KARTHIKEYAN,MALE
SANTHOSH,MALE
MOHAMED FAZIL,MALE
MOHAMMEDH FASIL A,MALE
MUHAMMED UMAIR C,MALE
BALAMURUGAN,MALE
AKASH,MALE
MANIKANDAN,MALE
KANNANPRAVIN,MALE
VENKATESH,MALE
MUGESH,MALE
KAVIARASAN,MALE
BALAJI,MALE
SALMAN FARIS,MALE
KRISHNARAJ,MALE
ABDUL GAFOOR,MALE
RAJESH,MALE
VIJU S,MALE
ATHUL K,MALE
MUHAMMED NIHAL GULZAR,MALE
MANIKANDAN,MALE
PRAKASH K,MALE
VENKATARAMAN,MALE
PRAVEEN,MALE
NAYAN JAIN,MALE
VIGNESH,MALE
THANGADURAI,MALE
MATHESHWARAN,MALE
RAJESH,MALE
VELAVAN,MALE
ARULANANTHAM,MALE
ANISH T,MALE
BARATH KUMAR,MALE
ARUN,MALE
SURESH,MALE
BASITH ALI,MALE
MUHAMED SANIJ,MALE
SREENIDHI SHARMA B,MALE
SILU BARJAS M,MALE
RIJIMON M,MALE
MOHAMED NAWAZ,MALE
PRABHAKARAN,MALE
HARISH,MALE
PAZHANISWAMY,MALE
BALAJI,MALE
SANTHOSH,MALE
DAKSH,MALE
BALAJI,MALE
RUBESH BABU,MALE
ARAVINDHAN,MALE
NAGARAJAN,MALE
VENKATRAMAN,MALE
KARTHIK VENDHAN,MALE
SATISH KUMAR,MALE
SIVAPRAKASH,MALE
DHANARAJ,MALE
THILLAI NAYAGAM,MALE
SIVAPRAKASH,MALE
DESAPPAN,MALE
RAJESHKANNA,MALE
ARUNKUMAR,MALE
MUHAMMED MUFAS,MALE
HARIHARAN,MALE
RAHUL M,MALE
SRIRAM,MALE
KARTHIKEYAN,MALE
KUHAN,MALE
MOHAMMED AJMAL,MALE
SITHANANDA RAMAN,MALE
RAGURAMAN,MALE
SESHAN,MALE
PARTHASARATHI,MALE
THIRU GNANAM,MALE
DINESHKRISHNA,MALE
SAHID IRFAN,MALE
MUHAMMED NUHMAN NAHEEM,MALE
MUHAMMED SHABEER T,MALE
ELANCHERAN S,MALE
VASANTH,MALE
AJITHKUMAR,MALE
VINOTH KUMAR,MALE
BHARATHIRAJA,MALE
SATHIYAN,MALE
GOWTHAM,MALE
KIROUBAGARANE,MALE
THAMIZH GNANA MUGAM,MALE
BALAJI,MALE
KALAIVENDHAN,MALE
AKHIL,MALE
KIRAN,MALE
PRATHAP,MALE
AKHIB SAHAL,MALE
NAGARATHINAM,MALE
GOWTHAM,MALE
VISHNU C,MALE
BALAJI,MALE
VIGNESWARAN,MALE
ASWIN K,MALE
SOLAMON JAYARAJ,MALE
JITHIN KRISHNAN,MALE
RAMANATHAN,MALE
PRAVINPAUL,MALE
JALALUDHEEN V,MALE
NADARAJAN,MALE
SRIBREMJI,MALE
SUSHIN,MALE
KEERTHISEELAN,MALE
ARAVINDH,MALE
LAKSHMANAN,MALE
SUBRAMANIAN,MALE
KELVIN,MALE
SREEKANTH,MALE
JOSEPH,MALE
KAMALESH,MALE
ILANCHEZHIYAN,MALE
SHANMUGAM,MALE
SANJAY,MALE
RAMKUMAR,MALE
SANKAR,MALE
SELVAMUTHU,MALE
SUBASH CHANDRAN V,MALE
GAVERNAR,MALE
VIGNESH,MALE
SATHISHKUMAR,MALE
ABDULFAHAD,MALE
RAVIKUMAR,MALE
ELANGOVAN,MALE
HEMACHANDIREN,MALE
SAKTHIKUMARRAN,MALE
PRADHAP,MALE
ARAVIND,MALE
ASHWANTH,MALE
JAWAHAR,MALE
GUNASELVAN,MALE
NIRANJAN,MALE
ARAVIND,MALE
RAGHUL RAJ,MALE
SREEGESH,MALE
CHANDRASHEKAR,MALE
ARAVINDH,MALE
UMESH KUMAR,MALE
SIRANJEEVI,MALE
NIKHIL KRISHNAN L,MALE
RAJAVEL,MALE
RAJAVELAN,MALE
BALAMURUGAN,MALE
VIMALKUMAR,MALE
EZHUMALAIYAN,MALE
REVANTH P,MALE
KATHIRAVAN,MALE
MURUGAN,MALE
RENUGOPAL,MALE
VARADARAJAN,MALE
SANKARANARAYANAN,MALE
DHARANIDHARAN,MALE
PUNNIYA MOORTHY,MALE
VIGNESH,MALE
THIRUKUMARAN,MALE
VIGNESH,MALE
JAYAPRAKASH,MALE
SURAENDHERAN,MALE
PURUSOTHAMAN,MALE
MOHAMMED SIRAJ,MALE
MONISH KRISHNA C,MALE
MUHAMMED SUHAIL V,MALE
SUGUMAR,MALE
MUHAMMED JASEEM,MALE
PRASHIN,MALE
AVILRAJ,MALE
SUNIL KUMAR,MALE
NIDHIN K,MALE
HAJHARDEEN,MALE
NEERAJ,MALE
IYAPPAN,MALE
RAJASEKARAN,MALE
KEVIN KUMAR,MALE
CHARAN TEJA,MALE
ALTRINE ARO NEETHI,MALE
ALDO EINSTON,MALE
AKASH,MALE
MOHAMED ASHIKKHAN,MALE
SABARIRAJAN,MALE
GOUTHAM,MALE
ANGURAJ,MALE
KEVIN SEVIO J,MALE
NAVEEN,MALE
AAKASH,MALE
KESSAVAN,MALE
AJAY,MALE
NAVEEN,MALE
BASKER,MALE
SASIDHARAN,MALE
RAHUL,MALE
GOKUL KRISHNAN,MALE
GOKULNATH,MALE
DINESH BABU,MALE
VIPIN,MALE
GODWIN JAMES ANTONY,MALE
TAMILARASAN,MALE
SURIYA,MALE
DHEEBAKKUMAR,MALE
KARUPPURAJA,MALE
SURAJ,MALE
PRABU,MALE
ROHITH,MALE
HARESH.,MALE
GOWTHAMAN,MALE
HEMANTH.K,MALE
SUNIL KUMAR,MALE
DEVA,MALE
DHEERAJ GOWDA,MALE
RAGHUL,MALE
NANTHAKUMAR,MALE
JOSHUA,MALE
RAJKUMAR,MALE
SIDDIQUE.P.K,MALE
SURYA,MALE
SIVAKUMAR,MALE
VASANTHAKUMAR,MALE
YOGESH,MALE
ARUN KUMAR,MALE
GOKULRAJ,MALE
AKASH,MALE
ABISHEKKUMAR.M,MALE
JAYASURIYAA,MALE
MANOJ KUMAR,MALE
HARI,MALE
KATHIRAVAN.K,MALE
AKASH,MALE
THANGAMARIAPPAN,MALE
VINOTH,MALE
ARUN,MALE
SRIKANTH.,MALE
JOHN FREDDY,MALE
DHANUSHKUMAR,MALE
MOHAN.M,MALE
HARI VAMSI,MALE
NIRMAL.M,MALE
LINGESHWARAN,MALE
RANJITH KUMAR,MALE
SUMAN,MALE
NAVEEN.,MALE
EDWINBRENO.,MALE
SATHISH,MALE
MOKHITHA,MALE
SRIDHAR,MALE
SIVA PRASAD.,MALE
TAMILARASAN,MALE
MAHESWARAN,MALE
MOHAMMED MUZZHAMMIL.,MALE
ASWATH,MALE
LOGANATHAN,MALE
SANJAY,MALE
YUVARAJ.,MALE
AKASH,MALE
RAMKUMAR,MALE
VIJAY,MALE
MANISURYA,MALE
SATHISH KUMAR,MALE
MOHAMED,MALE
SRIRAJESHWAR. V.,MALE
AJITH,MALE
SANJAY KUMAR,MALE
ELUMALAI,MALE
JAVEED AHAMED,MALE
CHANDRAKANTH,MALE
FREDRIC ENGELS,MALE
LEO SACHIN,MALE
SARATHKUMAR,MALE
YASAR ARAFATH,MALE
SUNDAR,MALE
PRAVEEN,MALE
BHARATH,MALE
LOGETH,MALE
SARAN,MALE
DHINESH,MALE
VISHNU,MALE
GOBIDHAN,MALE
ALVIN FELIX,MALE
LOGESH,MALE
MUGILAN.M,MALE
RAMALINGAM.,MALE
YOKESH,MALE
JOHNSON,MALE
JAHABAR SADICK,MALE
ABDUL RAHMAN,MALE
SRINIVASAN,MALE
PRABIJITH K,MALE
SAMUEL PAUL RAJ.,MALE
SATHISH,MALE
NITHESH GOUTHAM,MALE
UDAYA KUMAR,MALE
YOGESWARAN,MALE
AJAY KUMAR,MALE
MANIKANDAN,MALE
SAIKRISHNA,MALE
SHAMSEER T,MALE
ARUL,MALE
ROKESH.,MALE
MOHAMED INAYATHULLA,MALE
MIDHUN MOHAN U,MALE
SRIKISHAN,MALE
HEMARAJ,MALE
VIGNESH,MALE
MATHESH,MALE
RANJITH KUMAR,MALE
ABHISHAK M,MALE
SIVASANKARAN,MALE
KARTHICK,MALE
MOHAMED RAMEES,MALE
BABU,MALE
YUVARAJKUMAR,MALE
SURENDHAR,MALE
DEVKAVIN,MALE
SUBASH.,MALE
RAJESH,MALE
VIDYASAGAR,MALE
GOKUL,MALE
VIKNESH,MALE
PRAVEEN KUMAR,MALE
AJAY,MALE
FAYAS HASAN,MALE
SAJID JAMEEL,MALE
PRITHVIRAJ,MALE
SATHIASEELAN,MALE
MITHILESH,MALE
PRAGASH,MALE
ARIHARAN,MALE
SANTOSH,MALE
HARIHARAN,MALE
DHIVAKAR,MALE
AZHAGUSUNDARESWARAN,MALE
SHANU,MALE
SRINIVAS GANESH,MALE
VIKRAMADHITHAN,MALE
SELVA ABIMANYU,MALE
ASWINDAS,MALE
DHARAN,MALE
SURAJ N,MALE
MOHAMED SHADHIL,MALE
PRASHANTH.M,MALE
THULASIDASS,MALE
KAUSHIKKANNISHKAR,MALE
SNEHITH P,MALE
VARUN,MALE
MOHAMMED MAHAFIL C,MALE
SHAMAL M,MALE
KRIPA SAGAR,MALE
ASHWIN,MALE
RISHIDEV V,MALE
LAZIM LATHEEF,MALE
VIGNESH C,MALE
PRAVEEN KUMAR,MALE
SURESHKUMAR,MALE
JAVAD KASIM P,MALE
NAFIH ABOOBACKER,MALE
SARAVANAN,MALE
MADHURAMUTHU,MALE
GOLDSTEIN,MALE
SAJIN V,MALE
BALASUBRAMANIYAN,MALE
MUHAMMED RISL,MALE
SABARI,MALE
MANIKANDAN,MALE
MUHAMMAD ABDUL BASITH,MALE
AHAD,MALE
MUHAMMED RISHAD,MALE
MUHAMMED SHIYAD,MALE
SIYAB,MALE
RAHEES LAL,MALE
MOHAMAD NAEEM K,MALE
SAI AKASH,MALE
PARPUGAZH,MALE
AVISHAN,MALE
MIDLAJ,MALE
NIDHIN K,MALE
VISHNURAJ,MALE
MITHUN N,MALE
SHARAN,MALE
NAVINRAJ,MALE
SHIJIN T,MALE
LOKESHPRABU T,MALE
MANOJ B,MALE
MURALEEDHARAN,MALE
RAJA,MALE
DEEPAN CHAKKARAVARTHI,MALE
ALTHAF T,MALE
SRINIVASAN,MALE
SREEGOVIND O,MALE
KRIPESH M,MALE
AJILRAJ,MALE
ADHENAN,MALE
BARATH KUMAR,MALE
DURGA,MALE
KAVIARASAN,MALE
VENGATESH,MALE
VASU,MALE
RAJEEV GANDHI,MALE
HARI PRABU,MALE
MOHAMMED SHAHIN,MALE
IRUSARAPPAN,MALE
PARANDHAMAN,MALE
ARAVINTHAN,MALE
FOUSAN,MALE
LOKNATH,MALE
NESAMANI,MALE
JAIGANESH,MALE
YUVARAJ,MALE
KUMARAN,MALE
SAVAD K,MALE
MOHAMMED FAHAD,MALE
VIGNESH,MALE
SANJITH,MALE
MOHAMED MUSTAK,MALE
THIRUNAVUKKARASU,MALE
MUHAMMAD HAFISH,MALE
TONY P,MALE
BASITHULLAH KHAN R,MALE
SREENIVASULU,MALE
RAHUL RAMANAN,MALE
MUGUNTHAN,MALE
VIJAYENDRAN @ RANGAN,MALE
DEEPAK,MALE
KISHORE,MALE
MATTHIALAGAN,MALE
PARAMASIVAM,MALE
THIRUMOORTHY,MALE
GANESH,MALE
VELMUTHUPANDIAN,MALE
SEMBARITHI,MALE
VENKATESAN,MALE
SANJEEVI,MALE
SATHISH,MALE
BALAMURUGAN,MALE
GOUTHAM,MALE
SENTHIL KUMAR,MALE
KARTHIKEYAN,MALE
MATHIYAZHAGAN,MALE
PRABHANJAN,MALE
MOHAMED AZARUDDIN,MALE
VIJAYAKUMAR,MALE
SHYAM JITH P,MALE
RANGISH,MALE
ROHITH,MALE
PRASANTH,MALE
DINESH,MALE
DIGANTH B,MALE
ARAVINDHAN,MALE
KADIRAVAN,MALE
AKASH H,MALE
GOKUL RAJ,MALE
DANIEL,MALE
JONAH,MALE
KEERTHAN,MALE
SYED BELAL,MALE
SYED ASLAM BASHA.,MALE
VASANTH KUMAR,MALE
SATHYA PRABHU,MALE
SAGAR,MALE
TEJAS,MALE
AKASH,MALE
SHYAM,MALE
MONISH,MALE
HARISH,MALE
LALITHKUMAR,MALE
MANOJKUMAR,MALE
ELANCHEZHIYAN,MALE
SHAHUL HAMEED,MALE
SATHISH,MALE
AAKASH,MALE
HARISH,MALE
SIVA,MALE
JAYASRINIVASAN.R,MALE
SHARATH KUMAR,MALE
MOHIT,MALE
GOPI,MALE
MUTHUKUMARAN,MALE
HARIHARAN V,MALE
AJAY KUMAR,MALE
SAKTHIVEL,MALE
VIGNESH PRABU,MALE
SANJAY,MALE
ARAVINTH R,MALE
AJAY KUMAR,MALE
PRAVEEN,MALE
KUMARAN,MALE
DOMINIC,MALE
YOGARAJ P K,MALE
PREM KUMAR,MALE
SANJEEVI,MALE
PHILIP PERINBA VINITH,MALE
VENKATESH,MALE
PRAVEEN KUMAR.,MALE
HARIPRAKASH,MALE
VIGNESH,MALE
MURALIDHARAN,MALE
NISHANT,MALE
VISHAL,MALE
VIGNESH,MALE
VIGNESH,MALE
SHYAM SRINIVASAN,MALE
NITHISH.R,MALE
GANESH,MALE
VINOTH,MALE
JEEVA,MALE
HARISHA,MALE
JAYAKUMAR,MALE
MOHAMED HANIF,MALE
SIVAGURU,MALE
PARTHIBAN,MALE
BHARATH,MALE
ABDUL WAHID K,MALE
HEMACHANDRAN,MALE
SHAIKBARETH,MALE
SREEKANTH A,MALE
VIJAYAGANAPATHI,MALE
VIGNESH,MALE
PERIYASAMY,MALE
KUMAR,MALE
SUNDARARAJAN,MALE
KAILASH,MALE
CHANDRU,MALE
AMAL T,MALE
ARUNKUMAR,MALE
BHARATHIDASAN,MALE
KAMESWARAN,MALE
GUNA,MALE
HARISHANKAR,MALE
RAMSUGUMAR,MALE
DEVANAND,MALE
RAMS FEDRIK,MALE
NARAYANAN,MALE
SURENDHAR,MALE
VAITHIYANATHAN,MALE
DHARMARAJAN,MALE
SURIYAPRAKASH,MALE
VIENOTH KUMAR,MALE
ARAVINDKUMAR,MALE
KARAN,MALE
SYED SAHEEL,MALE
MOHANRAJ,MALE
DHILEEPAN D,MALE
SUNIL KUMAR,MALE
MALLESH KUMAR,MALE
HARIHARAN,MALE
VIJAY,MALE
JAYASURYA,MALE
PARISHATH,MALE
MITESH.M,MALE
YASH,MALE
RUPESH.M,MALE
PREM KUMAR,MALE
KARTHICK,MALE
PRABHU,MALE
DEEPEN,MALE
ASHWANTH KUMAR,MALE
RAJAKANTH,MALE
HASHIM,MALE
SUBETT CHANDAR,MALE
GOPINATH,MALE
RAGUL.R,MALE
SHANTHOSH,MALE
RAJKUMAR,MALE
DAVID KUMAR,MALE
ANTHONY ABHISHEK,MALE
SAKTHI MAHENDRAN,MALE
AJAY KUMAR,MALE
BHARATH C,MALE
ARVIND UDHI KUMAR,MALE
SUNDERARAMAN,MALE
PRAVEEN,MALE
DINESH,MALE
JEGAN,MALE
SANJAI,MALE
KISHORE KUMAR,MALE
MANIKANDAN,MALE
SELVAKUMAR,MALE
VISHAL,MALE
PRASHANTH,MALE
HEMANTH S,MALE
PRASHANTH.M,MALE
PRAKASH,MALE
NAGENDRA,MALE
JAMES RAJ,MALE
PRUTHVIK,MALE
NITHESH KUMAWAT,MALE
FAREED,MALE
RAJESH,MALE
RAJESH,MALE
RAJU,MALE
ROSHAN.R,MALE
RAHUL,MALE
RAHUL,MALE
PUSHPAK,MALE
VASU DEVAN BHATIA,MALE
SUDHISH.R,MALE
MOHAMMED SHAMEER,MALE
MANOJ B,MALE
MAHADEVAN,MALE
MUTHUKUMARAN,MALE
RAJENDRA PRASAD,MALE
MOHANRAJ,MALE
STEPHEN,MALE
YESHWANTH,MALE
MELCHI RAJ,MALE
SANTHOSH KUMAR,MALE
DINESH,MALE
NAVEENRAJU,MALE
TAMIL SELVAN,MALE
NITHISH,MALE
ANIL,MALE
JOSHUA AAKASH,MALE
LOKESH,MALE
DINESH,MALE
SUGUMAR,MALE
PRABAKARAN,MALE
KRISHNANBHARATHI,MALE
BERIN RAJA,MALE
ROHIT,MALE
SANTHOSH,MALE
KISHANTH,MALE
BHARATH,MALE
NITHISH KUMAR,MALE
VIGNESH,MALE
KISHORE KUMAR,MALE
SANJAY,MALE
DIVAKAR A,MALE
VIMAL RAJ,MALE
KISHORE,MALE
MOHAMMED IMRAN,MALE
AL MOHAMMED MANSHAB,MALE
PRAJVAL.R,MALE
BHARATH KUMAR,MALE
SOUNDARAJ,MALE
AJITH.M,MALE
SAI KISHORE,MALE
DEVA KUMAR,MALE
SUNDAR,MALE
MOHAN KUMAR,MALE
NITHISH SAI,MALE
SYED IRFAN,MALE
KISHORE,MALE
SURENDAR,MALE
JAGANATHAN,MALE
TAMEEM,MALE
SRINIVAS.K,MALE
BARATH,MALE
CYRIL ANTONY RAJ,MALE
BARATH,MALE
ARUNKUMAR,MALE
KAMALA SAGAR,MALE
GIRIDHARAN,MALE
VAMSI KRISHNA,MALE
YUVARAJ .,MALE
AARWIN,MALE
AKASH,MALE
SUBRAMANI,MALE
VIMAL RAJ,MALE
HARI,MALE
ROSHAN SURYA,MALE
BALAKRISHNAN,MALE
SHYAM,MALE
SUNILRAJ,MALE
NAVIN KUMAR,MALE
PRAVEEN KUMAR.,MALE
HARISH,MALE
SAI RAGHAVENDHAR,MALE
TITUS ONYX JONES C,MALE
SHANMUGASUNDARAM,MALE
GOKUL,MALE
GUNASEKARAN,MALE
MADHAVAN,MALE
SRINIVASAN,MALE
RAGHU BALAN,MALE
KERISON,MALE
GIRISH KUMAR A,MALE
KISHORE KUMAR,MALE
VIGNESH P,MALE
INFANT RAJ,MALE
SANTHOSH KUMAR T,MALE
SAI NIVASH,MALE
THULASHIRAM,MALE
JOHN MATHEW,MALE
PRADEEP,MALE
SELVAM,MALE
MOHAMED AIAHEMAAN,MALE
DHANUSH RAJ M,MALE
SHIVA,MALE
DEEPAK BENEDICT,MALE
MANOJ,MALE
NAMAN,MALE
MANOJKUMAR,MALE
VIVEK KUMAR,MALE
VINAY,MALE
CHARAN,MALE
DINESHKUMAR,MALE
PRADEEP,MALE
DEVAPRABHU,MALE
KAUSHIK.K,MALE
PRAVEEN,MALE
DEEPAVIGNESH,MALE
LALITH KUMAR,MALE
JAYAMURUGAN,MALE
KISHORE KUMAR,MALE
SANKARANARAYANAN C,MALE
ELENCHEZHIYAN,MALE
PRAGASH,MALE
KARTHIKEYAN,MALE
GNANESH GUPTHA,MALE
VIGNESH,MALE
RAHUL,MALE
JOHN PINTO,MALE
SARAVANAN,MALE
RAKESH,MALE
HARIHARAN,MALE
HASEEB HASSAN,MALE
BHOOBALAN.R,MALE
SARANRAJ,MALE
RAVI KISHORE G,MALE
SATHYANARAYANAN,MALE
NAGA KUMARAN K,MALE
PRABHU,MALE
NARESH,MALE
SUDHARSON RAJ,MALE
JITHESH,MALE
FERNANDEZ.M,MALE
MUHAMMED K,MALE
NIHAL NASIR RAHMAN C V,MALE
JAGAN RAO,MALE
SUDHAN,MALE
MOHAMMAD SUFAIL,MALE
AMAL A,MALE
HARSHITH C,MALE
NIDHIN,MALE
MUHAMMED RAYYAN V,MALE
DIPIN,MALE
SANAL RAHMAN K,MALE
GOKUL,MALE
RAKHIL,MALE
AKBAR ALI,MALE
PURUSHOTHAM,MALE
ANVAR BAVA M,MALE
FAZAL UMER MOHAMED T,MALE
VYSHAK,MALE
HARIHARAN,MALE
GOUTHAM,MALE
SHREESHA,MALE
DHANESH,MALE
CHANDAN,MALE
DIKSHITH,MALE
YOGESHWAR,MALE
LOHITH,MALE
ASWIN SASEENDRAN P,MALE
AKHIL T,MALE
AKSHAY,MALE
SARAVANAN,MALE
RAGHU,MALE
LEON NOEL,MALE
MUHAMMED NISAR,MALE
AHAMED GAYAS P,MALE
SHIVAKUMAR,MALE
KIRUBA,MALE
CHAITHANYA,MALE
HEMANTH KUMAR,MALE
SANDEEP K,MALE
MAHADEVA,MALE
GOKUL,MALE
NARENTHAR,MALE
MOHAMMED NABEEL,MALE
NARESH KUMAR,MALE
ATHMA SUBRAMANIAN,MALE
YOGESH,MALE
ANURAG O,MALE
PANNEERSELVAM,MALE
AKHIL K T,MALE
IYYAPPAN,MALE
YUVARAJAN,MALE
NARASIMHAN,MALE
MUHAMMAD FAYIS K,MALE
RAJESHWARAN,MALE
MOHAMMED ASIF,MALE
VIDHYASARAN,MALE
NIDHIL P,MALE
MUSTHAQ AHAMED,MALE
ABHI,MALE
MANIMARAN.R,MALE
ANBAZHAGAN,MALE
KISHORE,MALE
MUTHU VEERAMANIKANDAN,MALE
MANOJKUMAR,MALE
KAMIL P,MALE
THAMIZHARASAN,MALE
ADIH P,MALE
GOVINDARAJU,MALE
VIGNESH,MALE
ANTONY ARAVIND,MALE
PRAVEENKUMAR.R,MALE
MELWIN PAUL T,MALE
DILLI BABU,MALE
DANIEL,MALE
SURIYA,MALE
SARAVANA KUMAR,MALE
MALLIGARJUN,MALE
SANTHOSH KUMAR,MALE
KALAIVANAN,MALE
ARUN BALAJI,MALE
SRIDHAR,MALE
JEEVA,MALE
VIJAY KUMAR,MALE
KISHORE,MALE
DHANANJAI,MALE
SHANMUGAM C,MALE
PARTHIBAN,MALE
RANJITH,MALE
MANIKANDAN,MALE
KARTHICKEYAN,MALE
LOKESH,MALE
GUNASEKARAN,MALE
SANTHASOROOBAN,MALE
ARAVIND,MALE
MATHANMOHAN,MALE
VIGNESH,MALE
MUHAMMED SINAN,MALE
KATHIRVEL,MALE
VINOTH,MALE
THAMILMANI,MALE
HARSHA VARDHAN,MALE
ARUNKUMAR,MALE
SRIRAM,MALE
MUHAMMED RAFI K,MALE
MADHAVANANDA,MALE
PANDEESWARAN,MALE
JAGADEESHWARAN.K,MALE
SRINIVAS,MALE
SUDHAKAR,MALE
ARAVINDH,MALE
SHREE NIVAS,MALE
PRADEEP,MALE
BHARATH KUMAR,MALE
SURENTHAR,MALE
PRAKASH RAJ,MALE
ARAVIND,MALE
KABILAN,MALE
SANTHOSHKUMAR,MALE
NITHISH KUMAR,MALE
HARINARAYANAN B,MALE
VISHAL,MALE
RAJKUMAR D,MALE
KAMAL,MALE
NARENDRA,MALE
ANJANAI SELVAN,MALE
PRAVEEN,MALE
VINOD KUMAR,MALE
RAMKUMAR,MALE
NAVEEN KUMAR V,MALE
SANSKAR,MALE
HARIHARAN,MALE
SANTHOSH,MALE
SATHISHKUMAR,MALE
SANTHAKUMAR,MALE
YUVARAJ,MALE
CHAKRAVARTHY P,MALE
SANJAY PRINCE,MALE
KIRAN KUMAR,MALE
ASHIK AZEEZ,MALE
TAMILALAGAN,MALE
MOHANASUNDARAM,MALE
DHANUSH D,MALE
SUNDAR,MALE
SRIDAR,MALE
DHANEESH S,MALE
PRITHIVI RAJ,MALE
SALMAN,MALE
MUHAMMED FAVAS C,MALE
MUHAMMED NIHAL M,MALE
SHIBNAS P,MALE
YOGASRIDHARAN,MALE
RAGHUL,MALE
MUHAMMED P,MALE
SYEED AJMAL S,MALE
AKSHAY M,MALE
MUHAMMAD RAMIS E,MALE
MUHAMMED V,MALE
EBRAHIM M,MALE
MESHACH,MALE
ARIVAZHAGAN,MALE
ABDUL HASEEB P,MALE
MOHAMMED THAMEEM,MALE
FARIS,MALE
SAYED MOHAMMED SINAN P,MALE
MUHAMMED RINSHAD N,MALE
MUHAMMED RABISHAN,MALE
SHASHANK K,MALE
MARUTHI G,MALE
PRADEEP KUMAR,MALE
NITHIN,MALE
DHANUSH.,MALE
SURYA PRAKASH,MALE
ASLAM BASHA,MALE
ROHITH,MALE
CHANDRASHEKAR,MALE
BALAMURUGAN,MALE
ARUN KUMAR,MALE
AKSHAY,MALE
RANJITH,MALE
THILAKKUMAR,MALE
PURUSHOTHAMAN,MALE
RAMSUNDHAR.,MALE
MUHAMMED FARSHAD T,MALE
NASEEFUL THAMJID U,MALE
MANIKANDAN,MALE
NAVEEN KUMAR,MALE
CHANDRU,MALE
RAJAESWARAN,MALE
ARUN R,MALE
AKHIL P,MALE
DHIYANESH,MALE
NANDHU P,MALE
SHANKARANARAYANAN,MALE
KISHOOR,MALE
SATHISH KANNA,MALE
ANEESH,MALE
AMARNATH V,MALE
ABHINAV V,MALE
MANSOOD.K,MALE
KRISHNAPRAKASH,MALE
RITHVIK P,MALE
RAGURAM,MALE
SUDHARSAN,MALE
PRAKASHCHANDER,MALE
SUHASAN,MALE
SARVESHKUMAR,MALE
PRAVEEN,MALE
SUDHAGAR,MALE
SUBHASH,MALE
MAHAROOF RAHMAN P,MALE
NAVANEETH,MALE
KARTHIKEYAN,MALE
NIRMALRAJ,MALE
NAVEENPRASAD,MALE
MANJUNATHA K,MALE
VIJAY,MALE
VIDHUNRAJA,MALE
KARNA,MALE
JAIKRISHNA.R,MALE
MAZHALAI PRIYAN,MALE
SANJAY,MALE
MUHAMMED NITHASH,MALE
SHANMUGARAJA,MALE
HAFEES RAHMAN,MALE
KRISHNAKUMAR,MALE
SREEJITH B,MALE
UDHAYAN,MALE
UJWAL VINAYAK.,MALE
NAVIN,MALE
NIHAL ALI,MALE
MOHAMED FARIS,MALE
SELVARAGUL,MALE
MUHAMMED AJNAS,MALE
JEEVA,MALE
KAMBAVANAN,MALE
AJUMUTHULLA,MALE
LEEGAN,MALE
MOHAMMED THALHA K,MALE
RAMSHEED,MALE
MUHAMMED RIFADH P,MALE
AJAY KUMAR,MALE
RAJASEKAR,MALE
KRISHNAPRASAD,MALE
RIMSHIL CHANDRAN K,MALE
NIRANJAN,MALE
AQEEL,MALE
MUHAMMED NIHAL NAJEEB P,MALE
GOWTHAMRAJ,MALE
JISHNU P,MALE
RAKESH,MALE
MANEESH N,MALE
SHAMMAS ASHRAF C,MALE
SUBASH,MALE
RAHUL.P.R,MALE
VALLARASU,MALE
BIJESH B,MALE
MURUGAIYAN,MALE
BINO BABY,MALE
PRABHAKARAN .,MALE
ARUN CHAND C,MALE
VINOTH,MALE
SAMBATHKUMAR,MALE
KARUN ANBU KUMAR,MALE
AKSHAYKUMAR,MALE
SAVAD,MALE
MUHAMMED SHUHAIB P,MALE
RANJITH,MALE
SURENDAR,MALE
SASIDHARAN,MALE
HADI AHAMMED K,MALE
SUBASH BABU K,MALE
BIJO BABY,MALE
ABINASH,MALE
SANKARDASS,MALE
SARAVANAN,MALE
ASWANTH O,MALE
RAMANATHAN,MALE
SALMAN,MALE
MUSTHAFA SHAKER N,MALE
VASANTH T,MALE
ARUNKUMAR,MALE
HARI BALAJI,MALE
SUDHARSAN,MALE
VISHNUKUMAR,MALE
ADITHIYAN,MALE
HARIHARAN,MALE
ATHITHYEN. P.,MALE
ARUN,MALE
SANTHOSH RAJAN,MALE
SHAMIL THASNEEM T,MALE
SHADIL HUSAIN P,MALE
POOBATHIRAJA,MALE
SIVA,MALE
MUHAMMED BASITH,MALE
MUHAMMED NAMEEL,MALE
BABU,MALE
MURALIKRISHNA,MALE
MOHAMED SULTAN MARICAR M A,MALE
JAYAPRAKASH,MALE
SANTHOSH KUMAR,MALE
JAMBUGESHVAR,MALE
MOHAMED DAWFIK,MALE
KARTHIKEYAN,MALE
SACHIN LOYOLA,MALE
ABINESH.,MALE
KISHORKUMAR RAO,MALE
PRIYADARSHAN,MALE
RAJAGOUTHAMAN,MALE
TAMIZHPRASATH,MALE
ANANDHAKUMAR,MALE
KIRUTHIKRAJ,MALE
MADHAVAN,MALE
RAHUL,MALE
SASTHA,MALE
VEDHAGIRI,MALE
AASHISH J,MALE
DINESH,MALE
BALAKUMARAN.M,MALE
NARENDHIRAN,MALE
GOWTHAM R A,MALE
PRATHAP R,MALE
JAYA KUMARAN,MALE
GOKUL,MALE
SABAREESH,MALE
HARIRAM,MALE
SATHISH.R,MALE
AKSHAY V,MALE
SANJAI,MALE
DEVANATHAN,MALE
ABOOBACKER SIDDIQUE,MALE
SIVARAMAN P,MALE
SHARAN,MALE
ARAVINDH,MALE
SARON,MALE
NITHISH KUMAR E,MALE
PREM KUMAR,MALE
MOHANRAM,MALE
NIHIYAN KAREEM C,MALE
SUBASH,MALE
MUBARIS KHALID,MALE
MOHAMED SHEFIN P,MALE
VIKRAM DHARMA,MALE
KIRAN KUMAR YADAV G,MALE
HADHI UNAS P,MALE
MURALIDHARAN,MALE
DIJIN KUMAR K T,MALE
ARJUN,MALE
NITIN,MALE
RAJKUMAR,MALE
RIDHUWAN O,MALE
NARAYANA DAS,MALE
RAGUL,MALE
JALALUDEEN,MALE
FEZIN ABDULLA,MALE
NIKHILESH M,MALE
SASIDARAN,MALE
MUHAMMED NAHID,MALE
RANBEER DAS,MALE
SHEKHAR,MALE
ANDREW JOSEPH,MALE
ADARSH P,MALE
SABARINATHAN,MALE
RAZIQ P,MALE
SHIJU C,MALE
DINESH,MALE
MUHAMMED SAHAL N,MALE
MUHAMMED FARHAN,MALE
SARAN,MALE
MUHAMMED RASHIKH,MALE
RAHUL,MALE
KRISHNAKUMAR,MALE
MUHAMMED AJNAS,MALE
MUHAMMED ANSAR,MALE
MUHAMMED RIFAD P,MALE
FAZIL.M,MALE
IRSHAD P,MALE
MOHAMMED HASHIR K,MALE
ANANDHARAJ,MALE
ANANTHU KRISHNAN,MALE
VISHNU,MALE
MOHAMED IRFAN,MALE
MUHAMMED NIHAL T,MALE
ABHINANDH K T,MALE
MUHAMMED SAFAN C,MALE
ABDULVAHAB.P.K,MALE
SHAHIL MUHAMMED M,MALE
SURYANANTH K,MALE
SHUHAIB,MALE
ARJUN P,MALE
SREYAS,MALE
SHASIL SALAM K,MALE
SARAVANAN,MALE
DILKASH U,MALE
SHARATH RAJ C,MALE
MUHAMMAD FARIS,MALE
SANEESH A,MALE
MUNSEER,MALE
SAVAD V,MALE
MUHAMMED SHABI P,MALE
MUHAMMED ASHIQUE C,MALE
SANGEETH.K,MALE
ARJUN BIJU,MALE
NUHMAN,MALE
MUHAMMAD NAJAH N,MALE
ABDUL HAKEEM,MALE
ANOOS.K,MALE
RISHAD A,MALE
RAVEEN DEV P,MALE
MUHAMMED THAMEEM V,MALE
MUHAMMED ASLAM M,MALE
MUHAMMAD IRFAN,MALE
NIYAS N,MALE
MUHAMMED ADIL C,MALE
MUHAMMED RISHAL,MALE
MOHAMMED FAZIL,MALE
SHAHIDUL AFREED P,MALE
JISHNU,MALE
DURGAI RAJU,MALE
SHAHIN,MALE
MIDHUNLAL N,MALE
MUHAMMAD,MALE
KARUNAAMOORTHY,MALE
VISHWAA,MALE
EZHILINBAM,MALE
SAMSONSAMUEL,MALE
SAYOOJ E,MALE
MITHUN KRISHNA,MALE
NIHAL MUHAMMED,MALE
THIRUMAL,MALE
BALAMURUGAN,MALE
SOURAV P,MALE
PREDWIRAJ K,MALE
MAHESH,MALE
MOHAMED SHAFI K,MALE
FINAS,MALE
MUHAMMED SHIBILI,MALE
HASSIN GAFOOR,MALE
HARI KRISHNA,MALE
MOHAMMED,MALE
SENTHIL,MALE
MOHAMMED ZAYAN K,MALE
SAHADE,MALE
ADHEEB K,MALE
MUHAMMED BISHR K,MALE
MUHAMMED AJEER E,MALE
MUHAMMED JASIL K,MALE
MUHAMMED SHAMMAS,MALE
MOHAMMED SHAMMAS P,MALE
ABHIRAM A,MALE
MUHAMMED SAVAD M,MALE
MUHAMMED LABEEB M,MALE
ANAS V,MALE
ARAVINTHA KRISHNAN,MALE
MUHAMMED MURSHID,MALE
ADIL,MALE
MADHAN KUMAR,MALE
JITHUKRISHNA.R.K,MALE
ARUN,MALE
JASIN P,MALE
VIJAY,MALE
RAMKUMAR,MALE
RAJESH,MALE
MOHAMMED SAMEEM,MALE
HARIKRISHNAN,MALE
MANIMARAN,MALE
ARUN,MALE
MAZIN,MALE
MANOJ,MALE
MUHAMMAD NABEEL,MALE
MOHAMMED ZIYAD,MALE
MOHAMMED SAVAD,MALE
ROHITH MURUGAN,MALE
ATHIF RAHMAN K,MALE
MUHAMMED SHADIN E,MALE
MUHAMMED RASHID B,MALE
RINSHAD B,MALE
MUHAMMED FARHAN P,MALE
SIVASANKARAN,MALE
BALAJI,MALE
GOKULRAJ,MALE
PRAGATHEESWARAN,MALE
SUVINDHAR,MALE
BALA,MALE
MOHAMMED SHUHAIB,MALE
SHANID K,MALE
MUHAMMAD FASIL,MALE
RAHUL RAJ,MALE
AFSAL.,MALE
BALAKRISHNAN,MALE
ADHIL A,MALE
SAYANTH K,MALE
MUHAMMED SHANIL P,MALE
VIJAYKARAN,MALE
MUHAMMED RAMEES,MALE
MUHAMMED AJMAL,MALE
MUHAMMED FAYIS P,MALE
TAMIZHSELVAN.R,MALE
SHABIN K,MALE
THIRUMALAI,MALE
JISHNURAJ,MALE
SUBHEESH A,MALE
MUHAMMAD NADIR,MALE
NADEEM FARHAN K,MALE
ABHINAV E,MALE
WAZEEM AKTHAR K,MALE
AKHIL K,MALE
MOHAMMED AJMAL,MALE
MUHAMMED ASHRAF,MALE
MOHAMMED MISBAH,MALE
DHANUSH,MALE
PREMKUMAR,MALE
THIRUMALMURUGAN,MALE
MOHAMMED FARHAN,MALE
SHAZIL T,MALE
MUHAMMED SHAHIN K,MALE
JABIR,MALE
VIDHUHAS K,MALE
ABHISHEK K,MALE
MUHAMMED ANAS M,MALE
SHANAS,MALE
MUHAMMED IHSANUDHEEN K,MALE
RISHAN K,MALE
MUHAMMED AFRAN A,MALE
SHAMMAS,MALE
MUHAMMED RASEEM,MALE
MUHAMMED RAHIL,MALE
JOSHUVA RAJU,MALE
PARISHITH,MALE
ASHIK V,MALE
RAJAKUMAR,MALE
RABEEH,MALE
NASIF ABDULLA T,MALE
MUHAMMED NASEEF T,MALE
RISHAL P,MALE
MUBARAK,MALE
AAYUSH,MALE
AALOK,MALE
SHANIFA,MALE
MAYOOGH K,MALE
MUHAMMED SAFWAN M,MALE
MUHAMMED NIHAL M,MALE
THARUNDEV V,MALE
MUHAMMED SAJAD E,MALE
MUHAMMED SANAN P,MALE
MANIKANDAN,MALE
MUHAMMED KANZ B,MALE
ADITHYAN,MALE
MUHAMMED NIHAD,MALE
ADITHYAN,MALE
ZIYAD P,MALE
SHYAMSUNDAR.,MALE
SAMPATH KUMAR,MALE
SIVAPRASAD M,MALE
PRAJEESH,MALE
SREELAL,MALE
ASWIN,MALE
MANIKANDAN,MALE
BALAKRISHNAN,MALE
RAJEEVAN,MALE
MUHAMMED,MALE
MUHAMMED SAHAL K,MALE
MUHAMMED NIHAL P,MALE
ABHINAV.,MALE
VISHNUPRASAD.,MALE
IRFAN B,MALE
MUHAMMED SHERHAD K,MALE
KAVYA HARISH V,MALE
AMEEN SHAROOKH P,MALE
MOHAMMED NIHAL.,MALE
RISHI I,MALE
MOHAMMED NABEEL BUSTHAN R,MALE
DAMODARAN,MALE
ABINASH M,MALE
SANJITH.R,MALE
MANU.,MALE
AJITH,MALE
ARJUN RAMAKHANI,MALE
SUBRAMANYA,MALE
BHARATH.K,MALE
SHARATH KUMAR,MALE
ATHUL K,MALE
AJAY,MALE
ASHWIN,MALE
SARAN RAJ,MALE
HARISH KUMAR. S.,MALE
MOHAMMED FARHAAN,MALE
MARIA PERPET FELIX G,MALE
RAKESH.R,MALE
AYUSH JAIN,MALE
YOGESH.J.R,MALE
ARIHANT,MALE
JAYANTH S,MALE
PRATIK,MALE
SENTHIL RAJAN G,MALE
PRAKASH,MALE
DERRICK SAMPRAS,MALE
MOHAMED MAASHOOQ,MALE
MURALI,MALE
KRISHNA PRASAD,MALE
SANJAY,MALE
ASHWINRAJ,MALE
NAVEEN KUMAR,MALE
MOHAMMED AASIF,MALE
SHASHIKIRAN,MALE
VIGNESHKUMAR,MALE
IBURAHIM KHALILULLAH,MALE
HARSH,MALE
PRANEETH NARAYANAN,MALE
KAVIBHARATHI,MALE
DINAKARAN,MALE
MOHAMED MOHSHIN K,MALE
ALEXANDER,MALE
SANTHANASAMY,MALE
MOUNISH,MALE
YOGESH B,MALE
DHANUSH,MALE
VENKATESH,MALE
PRAVEEN KUMAR,MALE
GOBI,MALE
ASHWIN,MALE
ROHITH GANTH,MALE
SUSHIL KUMAR JAIN,MALE
PRAKASH RAJ,MALE
ABISHEK,MALE
PRAJWAL D,MALE
GIRIJESH,MALE
KRUSHIKAN,MALE
NITHIN ABRAHAM,MALE
BALAJI,MALE
DINESH KUMAR,MALE
KARTHIKEYAN,MALE
BHARATH SHETTY,MALE
AJITH KUMAR,MALE
MONISH,MALE
JANAGARAJ,MALE
SUBASH,MALE
MANOJ,MALE
LOHITH KUMAR,MALE
NARESH,MALE
ABINESH.M,MALE
SOORYA,MALE
NARENDHAR,MALE
SIVA,MALE
DHINESH,MALE
KARANRAJ,MALE
SARAN,MALE
GUNASEKARAN,MALE
AYYAPAN,MALE
MANIKANDAN,MALE
JAYAKRISHNAN,MALE
ABINESH,MALE
ALLAN SAM BRUCE.,MALE
ABDUR RAHMAN,MALE
KANAGARAJ S,MALE
NAREN,MALE
SHIBU GANESH,MALE
ABINASH,MALE
VISHNU ARAVIND,MALE
DEEPAK RAJ,MALE
VIGNESH,MALE
KISHORE,MALE
JAYA KUMAR,MALE
KIRANKUMAR,MALE
ATHAPPAN A,MALE
LIKITH RAHUL,MALE
KEERTHIKVASAN,MALE
YUGESH,MALE
KARTHIKEYAN K,MALE
VARUN ADITHYA,MALE
NARESH KUMAR,MALE
SATHISH KUMAR,MALE
SANTHOSH KUMAR,MALE
DINESH KUMAR,MALE
LOGESHWARAN,MALE
KARTHICKEYAN,MALE
MAHESHWARAN,MALE
NITHISH KUMAR,MALE
DINESH,MALE
JEGANATHAN S,MALE
SATHISH KUMAR,MALE
VIJAYA RAGAVALU,MALE
VADIVEL,MALE
RAGHUPATHY,MALE
KALAIYARASAN,MALE
ANAND,MALE
GIRIDHARAN,MALE
VIGNESH,MALE
ARUN K,MALE
KIRAN KUMAR,MALE
GANESH KUMAR,MALE
MAGESH,MALE
LAKSHMAN,MALE
KARTHIK,MALE
BHARATHKUMAR,MALE
AJITH,MALE
ARAVIND K,MALE
MADAN,MALE
SRINIVAS,MALE
VAJRESH B,MALE
THANU KUMAR NAIK,MALE
SUKETH KUMAR,MALE
VIGNESH,MALE
SHRISHARAN,MALE
KOLUNTHUVEL,MALE
MAHADEVA.M,MALE
RAHUL,MALE
ANTONY REX,MALE
SHAMAN NAHAR,MALE
MATHEW,MALE
SAIVIGNESH,MALE
DHANUSH,MALE
ELAVENIL,MALE
SAI KISHORE H,MALE
MOHAMED FAISAL,MALE
SARAVANAN,MALE
KAMALAKANNAN,MALE
KRISHNA,MALE
AJITH,MALE
SAJITH RAM,MALE
DOMINIC MARIA NATHAN,MALE
ADHITYA,MALE
ASHOK KUMAR,MALE
VITHUL DAS P,MALE
GANESH.R,MALE
GOPINATH D,MALE
SHAHID AHMED,MALE
BHARANI KUMAR,MALE
DIVAKAR YADAV,MALE
GURU CHANDRAN,MALE
TAMILARASAN,MALE
BALASUBRAMANI,MALE
PRADEEP KUMAR,MALE
SHRIRAM,MALE
VIJAY,MALE
SOMA SEKARA SHARMA.,MALE
SANTHOSH N,MALE
NARENDHIRAN,MALE
SRINIVASAN,MALE
HARIHARASUDAN,MALE
KARTHICK,MALE
NAVEEN RAJ.,MALE
GOKUL,MALE
PRITHIV RAKESH,MALE
GOKUL,MALE
VIGNESH,MALE
ROBERT FRANCIS M,MALE
KRISHNA C,MALE
AKASH,MALE
MELDON RIKKO RAI,MALE
KUMARAN,MALE
KARTHIK,MALE
DINESH,MALE
SRI VIGNESH,MALE
KRISHNARAJ,MALE
YASWANTH,MALE
SUBRAMANIAN,MALE
NAVEEN KUMAR,MALE
MANOJ,MALE
VIGNESH,MALE
NAGA GOKUL SAI KARTHICK,MALE
SANGEETH,MALE
MURALI,MALE
SUGUMAR,MALE
BARATH KUMAR,MALE
NARENDER SHARMA,MALE
YUVASANKAR,MALE
DISHAAL OJA,MALE
AJITH KUMAR,MALE
MANOJ KUMAR,MALE
YESHWANTH,MALE
VELU,MALE
DHANUSH,MALE
SIVASAKTHI,MALE
KISHORE KUMAR,MALE
SRIVATSAN,MALE
SAKTHI KUMAR,MALE
VINAYAK BALAJI,MALE
YUVANESH,MALE
GAFFOOR BASHA,MALE
NARESHWARAN,MALE
MITHULRAM A,MALE
KOWSHIK,MALE
SARATH,MALE
VINOTH,MALE
ARAVINDAN,MALE
ARAVINDAN,MALE
INDUSH,MALE
PADMANABAN,MALE
RAKESH,MALE
SAI TENDULKAR,MALE
SIVA SHANKAR,MALE
SURESH DIWAKAR,MALE
SASI KUMAR,MALE
VIGNESH,MALE
MOHAMED SHAMEER,MALE
NAVEED ABDUL KHADER.,MALE
LOKESH,MALE
MATHIYAZHAGAN,MALE
MOHANA KRISHNAN,MALE
SHEIK ABDULLA,MALE
SAYYID SAKLINE AL MASHOOR,MALE
PRASANTH,MALE
SHARUK B,MALE
NAVEEN KUMAR,MALE
SIVABALAMUTHU.M,MALE
SUMAN,MALE
YUVARAJ,MALE
RAJESH.M,MALE
NAVIN,MALE
SHIVAPRAKASH,MALE
PRAKASH,MALE
KRISHNARAJ,MALE
TRAJ,MALE
LAKSHMANA C,MALE
ROHITHKANNA R,MALE
DHANUSH,MALE
SUNDAR RAMAN,MALE
DHASHINAMOORTHY,MALE
SANTHOSH,MALE
MADHAVAN,MALE
AJAY,MALE
ARISH KUMAR.,MALE
SANJITHA,MALE
PRAKASH,MALE
VISHAL,MALE
RUTHRAN,MALE
NITISH KUMAR,MALE
LOGESH,MALE
RAJESWARAN,MALE
BHUVAN,MALE
GANESH,MALE
JAGADEESH,MALE
MANIGANDAN,MALE
SASI KUMAR,MALE
RIZWAN AHAMED,MALE
POORVIK,MALE
GAUTHAM V,MALE
MUGESH,MALE
ASHWIN KUMAR Y,MALE
SUDARSHAN,MALE
RAHUL,MALE
MARIA SEBIN,MALE
DENNIS MARIAN ALDO,MALE
SABARENATH,MALE
JOHN JOSEPH,MALE
JAYAPRAKASH,MALE
KARTHIK RAM,MALE
KANNAN,MALE
KIRAN KUMAR,MALE
HARISH PARTHASARATHY,MALE
SHYAM,MALE
ARUN,MALE
MANOJ,MALE
VIJAY,MALE
MOHAMMED SUHAIL,MALE
NITHIN,MALE
MANUSH R,MALE
JOHN KEWIN,MALE
NALIN,MALE
RAJAGOPALAN,MALE
KARTHIKEYAN,MALE
SANJAI,MALE
ANANDHAKRISHNAN,MALE
JOSAN MERICK,MALE
AJITHPULI,MALE
IYAPPAN,MALE
SRIDHAR,MALE
AVINASH,MALE
SUBASH,MALE
VISHAAL S,MALE
THINESH R,MALE
JAGAN,MALE
MUTHU VIGNESH,MALE
KARTHIK,MALE
DEEPAK,MALE
THIRUMALAI BALAJI,MALE
AKASH,MALE
PUSHPARAJ,MALE
ABHINESHAAN K,MALE
NIYAZ AHAMED A,MALE
ALLEN VICTOR G,MALE
SAMUEL AARON,MALE
RAJGANESH,MALE
VISHAL,MALE
SUBASH,MALE
VENKATESH,MALE
SHANMUGANATHAN,MALE
VANCHINATHAN,MALE
ANISH,MALE
ROSHAN KANNA,MALE
GOPI,MALE
GNANAPRAKASH.K,MALE
BALAJI,MALE
GANPATH SINGH,MALE
NITHIN MARIO,MALE
SURENDRAN,MALE
KUSHAL KUMAR,MALE
PAVAN,MALE
DHEERAJ H,MALE
PRAVEEN KUMAR,MALE
ANBARASAN,MALE
LOHIT,MALE
ROSHAN,MALE
SRINIVAS,MALE
SANJAY KUMAR,MALE
ARVIND,MALE
KISHORE T,MALE
SHREEDHAR,MALE
RABIN BABU,MALE
UMESH,MALE
ANTO SHINE JOVEMON R,MALE
RAHAN,MALE
PRASANNA,MALE
ARUN,MALE
SAMUEL JACOB,MALE
BHARATH,MALE
MASUDKHAN,MALE
ARAVIND,MALE
MAGESH,MALE
GOPINATH,MALE
BOJA PRASATH,MALE
PANDYAMANIAN,MALE
MOHAMMED RAYAN.,MALE
SANDEEP.M,MALE
NARESH,MALE
SARFAZ,MALE
SUKESH,MALE
YUKESHVARAN,MALE
VINITH KUMAR,MALE
DEVARAJ,MALE
ELANGOVAN,MALE
JAYASURYA.,MALE
SELVAKUMAR,MALE
VASANTH,MALE
MAHESH KUMAR,MALE
MOHAMED RASHIK,MALE
BALAKUMARAN,MALE
CHEITHANYA KUMAR,MALE
PRINCE LEVEIL JOSHUA P,MALE
BALAJI,MALE
PRAKASH,MALE
MOHAN RAM,MALE
KEERTHIVASAN,MALE
BRAHMA REDDY,MALE
TAMIL,MALE
KANNAN,MALE
VETRIVEL.R,MALE
SABARINATH,MALE
VIVENXAVIER,MALE
CHETHAN KUMAR,MALE
HEMAKUMAR,MALE
SREENIVASAN,MALE
RAHUL DRAVID,MALE
MADHAN,MALE
PANNEER SELVAM,MALE
RAVI KUMAR,MALE
RAKESH,MALE
PRASAD,MALE
MOHAMED MUZAMMIL,MALE
ARUN KUMAR,MALE
SURENDAR,MALE
BENNY HINN,MALE
SANJAY,MALE
NAVANEETH KRISHNAN,MALE
DHINESH,MALE
JINO S,MALE
SEEMJITH S,MALE
JUDE SELVAM P,MALE
REEBEN ANTO,MALE
RAHUL,MALE
PRAKASHRAJ,MALE
PARTHIBAN,MALE
SRIKANTH,MALE
MOHAN,MALE
SRIDHAR,MALE
SIVABALAN,MALE
KARTHIKSRINIVASAN,MALE
MOHIDEEN BAWA,MALE
KIRAN KUMAR,MALE
JAYASURYA,MALE
NAVEENKUMAR,MALE
VIKRAMAN,MALE
DHINESH KUMAR,MALE
DINESHKUMAR,MALE
AJITH,MALE
INDRA KUMAR,MALE
SATHEESHKUMAR,MALE
ROHITH SRINIVASS,MALE
SANJAY.,MALE
GOPI,MALE
PORSELVAN,MALE
SATHYARUBAN,MALE
HARIHARAN,MALE
YUVARAJ C,MALE
PRAVEEN BABU,MALE
JOHN MOSES,MALE
NITHYANANDH,MALE
SHANKAR,MALE
RUFAS EDISON RAJ,MALE
MUTHURAJA,MALE
KARAN,MALE
MANIBHARATHI,MALE
KRITHIK RAJ,MALE
MOHAMED RAWOOF,MALE
SERMA CHANDRAN,MALE
RADHAKRISHNAN,MALE
DAVACHITHIRAN,MALE
ABINESH,MALE
SHRIKAANTH,MALE
HARISH,MALE
BHARATH WAJ,MALE
MONISH KUMAR,MALE
PRAVEEN,MALE
KRISHNA PREM,MALE
AJITH,MALE
RIZWAN AHMED,MALE
DHIWAKAR,MALE
PRASANTH,MALE
VIGNESH,MALE
BHARATHWAJ,MALE
ZADOK,MALE
NAVEEN,MALE
KAPEER.,MALE
YOGESH KUMAR,MALE
SATHYAMOORTHI,MALE
SUNDARRAJ,MALE
FINNY JOSEPH,MALE
RITHWIK G,MALE
VAIDYANATHAN,MALE
JELES DONALD GOODMAN,MALE
MADHAN,MALE
AJITH KUMAR,MALE
JEEVES.,MALE
AAKASH,MALE
RAJESH KUMAR,MALE
VIJAY,MALE
SANJAY,MALE
BERNATH ANBU,MALE
SUNIL KUMAR M,MALE
SARAN KANNA,MALE
JENISTER MARK,MALE
SIVA RAMA KRISHNAN,MALE
PRADEEP,MALE
RAMESHKUMAR,MALE
DINESH KUMAR,MALE
DINESHBABU,MALE
ABDUL KALAM,MALE
AVINASH,MALE
GAJENDRAN,MALE
VASEEGARAN,MALE
LOKESH,MALE
NAGHUL PRANAV C,MALE
AARON SURESH,MALE
SHAYANSHA,MALE
BALACHANDAR.,MALE
RANJITH M,MALE
MOHAMED SAMEER BADHUSHA,MALE
SHYAM SHANKARAN,MALE
VASANTH.,MALE
SAM SUNDAR,MALE
LOKESHWAR,MALE
KAMESHWARAN,MALE
SHANKAR,MALE
MOTHISHVARAN.M,MALE
ABDUL GAFOOR,MALE
FREDY,MALE
SHAKASHRA PRIYA,FEMALE
MASREENA,FEMALE
HARINI,FEMALE
RAFNA SHERIN,FEMALE
NARMATHA,FEMALE
VINITHA,FEMALE
GNANASOUNDARI,FEMALE
SATHIYAPRIYA,FEMALE
RAHITHA,FEMALE
MAGIZHVINI,FEMALE
KEERTHIGA,FEMALE
KEERTHANA,FEMALE
SHAIBA ASARAF,FEMALE
KOMATHEESWARI,FEMALE
SUBHALAKSHMI,FEMALE
SHANMUGHA PRIYA,FEMALE
LINGESWARI,FEMALE
MAHALAKSHMI,FEMALE
SRINIDHI A,FEMALE
NARGEES BANU,FEMALE
RASHMI RAVEENDRAN,FEMALE
SHESNA SHERIN M,FEMALE
SIVAGAMI,FEMALE
ANANDHI,FEMALE
CHITRA,FEMALE
VIJAYA DEVI,FEMALE
MOHANA ABIRAMI,FEMALE
SANDHIYA,FEMALE
JAYALAKSHMI,FEMALE
ARTHI,FEMALE
SARADAMBIGAI,FEMALE
MARIETHERESE,FEMALE
ANISHA P,FEMALE
RESHMA,FEMALE
SHABITHA,FEMALE
ANJALI A,FEMALE
MIDHUNA,FEMALE
DHIVYA,FEMALE
ARTHI,FEMALE
INDUMATHI,FEMALE
DEVI SRI,FEMALE
SHILPA,FEMALE
HARIPRIYA,FEMALE
NARMADHADEVI,FEMALE
SHARON RUBY,FEMALE
ABINAYA,FEMALE
VIDHYA,FEMALE
GAYATHRI,FEMALE
RADHIKA,FEMALE
GUKHAPRIYA,FEMALE
ARTHI,FEMALE
PARAMITA,FEMALE
SHEELA,FEMALE
SUBATHRA,FEMALE
MANIMALA,FEMALE
SHRUTHI,FEMALE
LARA IYSWARYA RANE,FEMALE
INDHUMATHI,FEMALE
CALPANA,FEMALE
MENAKADEVI,FEMALE
SUKKITHA,FEMALE
VIMEENAA,FEMALE
VIJAYAPRABHA,FEMALE
AJANYA KRISHNA P,FEMALE
IROUDAYA MARIE PHAIFE,FEMALE
ANFINA T,FEMALE
MALAVIKA,FEMALE
ANUPRIYA,FEMALE
PRAVEENA,FEMALE
AISWARYA G,FEMALE
SARBAROOBINY,FEMALE
LAWANYAA,FEMALE
THENMALAR,FEMALE
MYSHIKA,FEMALE
BHUVANESHWARI,FEMALE
VARSHA K,FEMALE
MAGESWARI,FEMALE
BEENA,FEMALE
PRIYA,FEMALE
RAMYA,FEMALE
DIVYA,FEMALE
UMA MAGESWARI,FEMALE
KIRUTHIKA,FEMALE
HAMSAVARTHANI,FEMALE
MONISHA,FEMALE
SENTHAMIZHSELVI,FEMALE
SAJNA,FEMALE
NEJAH,FEMALE
ROSHINI,FEMALE
SATHYA,FEMALE
LOGEISWARI S,FEMALE
KAMASHI KESHIKAA,FEMALE
KOWSALYA,FEMALE
PRIYADARSHINI,FEMALE
AISHWARYA,FEMALE
AATHIQA SULTHANA,FEMALE
FATHIMATH FAHIMA K,FEMALE
NIVETHA,FEMALE
AFREENA T,FEMALE
SIVARANJANI,FEMALE
CHARRUSHREE,FEMALE
PAVITHRA,FEMALE
SIVAPRIYA,FEMALE
DHANALAKSHMI,FEMALE
UMERABEGUM,FEMALE
NARMADHA,FEMALE
MUTHUMEENA,FEMALE
AKSHAYA,FEMALE
KIRUTHIGA,FEMALE
KRISHNABHARATHI,FEMALE
NIVEDA,FEMALE
RAJAJOTHI,FEMALE
RAJALAKSHMI,FEMALE
KAVYA DHARSHINI,FEMALE
ARPOUDAVALLY,FEMALE
FATHIMATHUL NIHA,FEMALE
FATHIMATHUL RIHA,FEMALE
FATHIMATH NYLA FARAZ E,FEMALE
SNEHA M,FEMALE
SHAFNA,FEMALE
ANSEERA,FEMALE
INDUMATHI,FEMALE
PRIYADARSHINI,FEMALE
DIVYA,FEMALE
MOHANAPRIYA,FEMALE
ANNAPOORNA H,FEMALE
BHUVANESWARI,FEMALE
HEMANTI B,FEMALE
AMRUTHA.M,FEMALE
ABINAYA,FEMALE
CHANDANA,FEMALE
LAKSHMI,FEMALE
NISHA,FEMALE
KEERTHANA,FEMALE
SUJATHA,FEMALE
NANDITHA,FEMALE
DHIVYABHARATHI,FEMALE
SURANJNA FRANCES,FEMALE
MONISHA M,FEMALE
SANJANA,FEMALE
MAHALAKSHMI.M,FEMALE
PAVITHRA.R,FEMALE
NEETHU,FEMALE
SREE SANDHYA M,FEMALE
SOWMYA,FEMALE
SARASWATHI,FEMALE
SWATHI,FEMALE
MARIA SHARON HARSHITHA,FEMALE
SOWMIYA,FEMALE
HARINI E,FEMALE
LASHIKHA.R,FEMALE
RINEE A,FEMALE
DEEPA,FEMALE
RUPA N,FEMALE
UMADEVI.R,FEMALE
DHARSHINI.K,FEMALE
NANDHINI,FEMALE
DAFFLIN SNOWFY,FEMALE
JAYALAKSHMI,FEMALE
PAVITHRA,FEMALE
PRIYA,FEMALE
CAROLIN.M,FEMALE
KEERTHIKA,FEMALE
PREETHI,FEMALE
JOTHI SHRI LEAKHA,FEMALE
APARNA A,FEMALE
NIVEDHA,FEMALE
PRIYA DARSHNI,FEMALE
DEBORAL,FEMALE
SHALINI,FEMALE
LAVANYA,FEMALE
ANITHA.M,FEMALE
DIVYA.R,FEMALE
KAMALAVARSHINI,FEMALE
RAJESWARI,FEMALE
ABISHA GANA PRIYA,FEMALE
SANDHIYA.,FEMALE
THIVYA BHARATHI,FEMALE
SRUTHI.R,FEMALE
SWATHI,FEMALE
SAYEEDA FATHIMA,FEMALE
SWATHI,FEMALE
KIRUTHIKA,FEMALE
PREETHI,FEMALE
POOJA,FEMALE
NALAYINI,FEMALE
HARITHA,FEMALE
DEEPIKA.,FEMALE
DIVYA,FEMALE
KOWSHIKA,FEMALE
DIVYALAKSHMI.R,FEMALE
SHANMUGA PRIYA,FEMALE
JAMUNA,FEMALE
SREENIKA.R,FEMALE
SNEHA,FEMALE
JANANI.K,FEMALE
PRIYA,FEMALE
SHRI DEVI,FEMALE
RUBEENA,FEMALE
ANGALIN SOPHIA.,FEMALE
NIKITHA,FEMALE
SELSHIA MARY,FEMALE
PRAGATHI,FEMALE
LAVANYA.K,FEMALE
MERCY MARY,FEMALE
SUBHIKSHA.R..K,FEMALE
SWARNALAKSHMI,FEMALE
LEENA,FEMALE
PRASANNA,FEMALE
KIRTHIKA,FEMALE
YOGESWARI.,FEMALE
SUBIKSHA.,FEMALE
ABIRAMI.M,FEMALE
LAVANYA,FEMALE
RAMYA.,FEMALE
CHITRA.,FEMALE
PRATHIBA,FEMALE
GUDIYA,FEMALE
SWETHA,FEMALE
SUNITHA,FEMALE
VARSHA T,FEMALE
LATHIKA,FEMALE
HARSHINI,FEMALE
RAKSHANA,FEMALE
AAFIYA SIDDIQUA.,FEMALE
AKSHAYA,FEMALE
SHALINI,FEMALE
PRASETHA BEANJU.,FEMALE
LAVANYA,FEMALE
RAJESHWARI,FEMALE
SUBHALAKSHMIY,FEMALE
YUVASHREE .,FEMALE
SUBASHINI,FEMALE
DHANUSHA,FEMALE
DEEPA,FEMALE
ANUSHA,FEMALE
RABEENA,FEMALE
MONISHA,FEMALE
KEERTHANA,FEMALE
REHANA,FEMALE
LAVANYA,FEMALE
MADHUBALA,FEMALE
YOGESHWARI,FEMALE
SHANMUGAKALA,FEMALE
SHRUTHI,FEMALE
YUVASHREE,FEMALE
HARINE,FEMALE
NANCY PRIYA,FEMALE
VIJAYASAMBESWARI,FEMALE
FAHIMA,FEMALE
AARTHI,FEMALE
ASHA,FEMALE
PREETHI.R,FEMALE
KEERTHANA,FEMALE
PRAGATHI,FEMALE
SRUTHI,FEMALE
KAARTHIEKA,FEMALE
SHIVANI SWAROOP,FEMALE
JAHNSI RANI,FEMALE
PREETHI,FEMALE
VEENA.K,FEMALE
FANZIYA,FEMALE
VINOTHA,FEMALE
FATHIMA FIDHA,FEMALE
VINSHA,FEMALE
KARKUZHALI,FEMALE
KAVI NILAVU,FEMALE
MARJAN A,FEMALE
NISHIDA,FEMALE
DHANYA,FEMALE
FATHIMATHUL HIBNA P,FEMALE
SAROJINI,FEMALE
HARNISHA K,FEMALE
MONISHA,FEMALE
SNEHANA,FEMALE
RUKSANA PARVEEN V T,FEMALE
SRIVIDHYA,FEMALE
YATHISHA,FEMALE
SHYAMALA,FEMALE
YOGALAKSHMI,FEMALE
DIVYA,FEMALE
MAHIMA,FEMALE
RAJALAKSHMI,FEMALE
KOWSALYA,FEMALE
ABINAYA,FEMALE
HINDHUJA,FEMALE
ARYASREE,FEMALE
ATHISAYA,FEMALE
INDHUMATHI.,FEMALE
VINOTHINI,FEMALE
RAKSHANA,FEMALE
AKHILA,FEMALE
ATHULYA,FEMALE
KOPERUMDEVI,FEMALE
VAISHALI,FEMALE
PRIYADHARSHINI K,FEMALE
SUGALAKSHMI,FEMALE
MADHUMITHA,FEMALE
ELIZEBETH. RANI,FEMALE
NIROSHA,FEMALE
SREERENJINI,FEMALE
GAYATHRI,FEMALE
SAIRANJANI,FEMALE
REHINA,FEMALE
KALPANA,FEMALE
SHIRLEY MONICA,FEMALE
RESHMA,FEMALE
NANSI,FEMALE
HARSHITHA J,FEMALE
HEMALATHA,FEMALE
AROKIA SILVIA,FEMALE
ANITHA M,FEMALE
SNEKA,FEMALE
ARSHINA,FEMALE
AGILAMBIGAI,FEMALE
PRIYADHARSHINI,FEMALE
KANCHANADEVI,FEMALE
RUMAANA,FEMALE
AYSHA NATCHIYAR,FEMALE
SUSINDRA,FEMALE
RABIYA SWAFA PARVEEN,FEMALE
DHARANYA,FEMALE
MOHANAPRIYA,FEMALE
DIVYA,FEMALE
SUSMITHA P,FEMALE
RAMA,FEMALE
VALARMATHI,FEMALE
THEERTHA,FEMALE
FATHIMA RASANA,FEMALE
FATHIMA NOOHA,FEMALE
RABEEHA,FEMALE
FATHIMA BINSILA,FEMALE
LUBNA SHERY,FEMALE
FARSANA THASNI,FEMALE
MUSHIRIFA,FEMALE
SAHELA P,FEMALE
FATHIMATHUL FADIYA C,FEMALE
JUMANA P,FEMALE
FATHIMA N,FEMALE
FATHIMA SHAMNA,FEMALE
NIDHA NASREEN P,FEMALE
FATHIMATHUL FIDHA,FEMALE
MONICA,FEMALE
VINITHA,FEMALE
DEVAPRIYA,FEMALE
MADHUBALA,FEMALE
AMBILY K,FEMALE
RUFSANA,FEMALE
NISHA,FEMALE
JAYALAKSHMI,FEMALE
KOUSHIKA,FEMALE
REKHA,FEMALE
SATHIYAKALA,FEMALE
DESHMA,FEMALE
NAFEESA BEE P,FEMALE
SUMAIYA BANU,FEMALE
FATHIMA JULFA,FEMALE
MAHALAKSHMI B,FEMALE
RADHIKA,FEMALE
SECIYA,FEMALE
SHAREEFA KHADEEJA BEEVI T,FEMALE
KANCHANA,FEMALE
SHAMNAMOL P,FEMALE
MALAVIKA M,FEMALE
SOWMIYA,FEMALE
GURULAKSHMI,FEMALE
RICQUET JANANI,FEMALE
FATHIMA FARSANA,FEMALE
KRITHIKA,FEMALE
BINUSHA U,FEMALE
PRIYADARSINY,FEMALE
ANANYA P,FEMALE
FATHIMA THASNEEM,FEMALE
SIVASANKARI,FEMALE
PRIYADHARSHINI,FEMALE
SHREE RANJINIE,FEMALE
LAKSHANA V,FEMALE
ABIRAMI,FEMALE
SANDIYAA,FEMALE
SEELIMA,FEMALE
JENIFRA,FEMALE
RIHILA,FEMALE
JAYASHRI,FEMALE
DIVYA DHARSHINI,FEMALE
NAGALAKSHMI SHYAMALA,FEMALE
DRISHYA,FEMALE
SOORYA,FEMALE
KARTHIKA,FEMALE
MALATHI,FEMALE
SANGEETHA JUSTINE,FEMALE
PRIYADHARSHINI,FEMALE
MONISHA,FEMALE
SHRAVANI REDDY,FEMALE
VARSHA,FEMALE
YUVASRI,FEMALE
ISWARYA,FEMALE
MARIA MADHURI,FEMALE
SUBHALAKSHMI,FEMALE
RISHIKA.K,FEMALE
DIVYA,FEMALE
ABISHA,FEMALE
RITHIKA.K,FEMALE
HARINI,FEMALE
JANAVI,FEMALE
SANGEETHA PRIYA,FEMALE
HELEN ROSE,FEMALE
JASMINE,FEMALE
NIVEDHA,FEMALE
PRINCY,FEMALE
PAVITHRA,FEMALE
NIVETHA,FEMALE
SAKTHI VIGNESHWARI,FEMALE
PRIYADHARSHINI,FEMALE
KEERTHIGA,FEMALE
PRIYA,FEMALE
NIVEDHA,FEMALE
VARSHA,FEMALE
DIVYA,FEMALE
ASHIRTHA,FEMALE
KEERTI,FEMALE
AKILA NANCY.,FEMALE
KAVITHA,FEMALE
MONISHA,FEMALE
RAKSHANEE,FEMALE
AKSHAYA,FEMALE
JAYALAKSHMI,FEMALE
LATHA,FEMALE
MAHALAKSHMI,FEMALE
ABINAYA,FEMALE
GNANESWARI,FEMALE
ANGEL,FEMALE
ANITHA,FEMALE
DEEPA,FEMALE
SWETHA,FEMALE
RAJ LAXMI,FEMALE
FATHIYA,FEMALE
PREETHI,FEMALE
AARTHI,FEMALE
MAHIRA,FEMALE
REEHA JANNATH,FEMALE
BREETHI,FEMALE
MOKSHITHA P,FEMALE
ANITHA,FEMALE
VAISHNAVI,FEMALE
YASHWANTHRA,FEMALE
GOBIKA N,FEMALE
SHAKILA,FEMALE
NANDHINI,FEMALE
KIRTHIKA,FEMALE
JENIFER,FEMALE
NAVINA,FEMALE
LAKSHANA.R,FEMALE
DIVIYA,FEMALE
SARASWATHY,FEMALE
RAJESWARI,FEMALE
SHARANA,FEMALE
DEVAKI,FEMALE
YASMIN BEGUM,FEMALE
SHIMILA,FEMALE
GOMATHI,FEMALE
PAVITHRA,FEMALE
DEVIKA,FEMALE
SONIYA,FEMALE
PRIYADHARSHINI,FEMALE
ANNAPURANA,FEMALE
VRINDA KARUNA,FEMALE
SRIDEVI,FEMALE
DHIVYA S,FEMALE
REVATHI,FEMALE
MONICA PREETHA,FEMALE
SWEETHA A,FEMALE
SAROJINI ANDAL,FEMALE
VINITHA,FEMALE
NOORMINAH,FEMALE
SWETHA,FEMALE
JAYASHREE.M,FEMALE
VARSHINI,FEMALE
SAI SNEHA,FEMALE
HINDUMATHI,FEMALE
SOWMIYA,FEMALE
THAMIZH,FEMALE
MANASA,FEMALE
MANJULA P,FEMALE
SUDHA,FEMALE
JHANSI,FEMALE
KAVIYASRI,FEMALE
DEVI SRI,FEMALE
SUCHITHA.R,FEMALE
JANAVI IYER A,FEMALE
SWETHA,FEMALE
SWETHA,FEMALE
PRIYADHARSHINI,FEMALE
JAYASRI,FEMALE
SASIKALA,FEMALE
SUBIKSHA,FEMALE
VINCY RUFFINA,FEMALE
DURGA LAKSHMI,FEMALE
PRIYANKA,FEMALE
ASHA,FEMALE
GEETHA,FEMALE
CHAITHRA.,FEMALE
BRINDHA,FEMALE
ARCHANA,FEMALE
GAGANA.T.R,FEMALE
ASHWINI BAI,FEMALE
SUVATHIKA,FEMALE
SATHYA.,FEMALE
NAVEENA,FEMALE
POOJA.R,FEMALE
SUPRIYA,FEMALE
KAAVYA.K.K,FEMALE
MONIKAA,FEMALE
PADMASHREE,FEMALE
POORNIMA,FEMALE
NIROJA,FEMALE
PAVITHRA,FEMALE
SUVETHA,FEMALE
KAVIYA,FEMALE
CHARULATHA,FEMALE
SWETHA.R,FEMALE
RACHITA.,FEMALE
PREETHA.,FEMALE
KALPANA,FEMALE
PRIYANKA,FEMALE
KASTHURI,FEMALE
KAVYA,FEMALE
RAMYA.R,FEMALE
KAVYA,FEMALE
YAMUNA,FEMALE
AYUSWARYA,FEMALE
MANJULA,FEMALE
MONIKA DEVI,FEMALE
MANGAI ARASI,FEMALE
SHASHIKALA,FEMALE
SHASHIKALA,FEMALE
VAISHNAVI,FEMALE
SWETHA,FEMALE
THRUTHIKA,FEMALE
RICHA,FEMALE
MAHALAKSHMI,FEMALE
SWETHA.R,FEMALE
SWETHA,FEMALE
SHARON,FEMALE
NANDHITHA,FEMALE
SHWETHA,FEMALE
SUSHMITHA,FEMALE
SNEHA,FEMALE
SHRUTHI,FEMALE
LEKHA,FEMALE
KEERTHANA,FEMALE
PRATHATCHANA,FEMALE
SHALINI,FEMALE
SHANTHINI N,FEMALE
RAIVATHA.,FEMALE
JEEVA JOTHI,FEMALE
SHALINI,FEMALE
DIVYA.R,FEMALE
RAGHAVI,FEMALE
SHREENITHI.M,FEMALE
VIJAYA SAYE PADMAVATHY,FEMALE
HEMALATHA,FEMALE
NIVEEDHA SREE,FEMALE
MAHALAKSHMI,FEMALE
VIDHYA K,FEMALE
HARSHITHA,FEMALE
POONGOTHAI,FEMALE
PRASHA,FEMALE
PRIYADHARSHINI,FEMALE
SRIVIDHYA,FEMALE
SREEDEVI.M,FEMALE
HRISHIKA.M,FEMALE
ATHIRA,FEMALE
PRIYADHARSHINI,FEMALE
DIVYA,FEMALE
SINDHUJA.M,FEMALE
SHASHIKALA,FEMALE
SINCHANA,FEMALE
MADHURA,FEMALE
NITHYA SHREE K,FEMALE
LOGESHWARI,FEMALE
SANTHIYA,FEMALE
ANUPRIYA,FEMALE
DARIS PRIYADHARSHINI,FEMALE
DIVYA.K,FEMALE
JANANI,FEMALE
RAGASWETHA,FEMALE
GAYATHRI,FEMALE
BRINDA S M,FEMALE
HARSHINI,FEMALE
THULASI PRIYA,FEMALE
KIRTHIGA,FEMALE
ATCHAYA,FEMALE
RASHMI.K,FEMALE
LAKSHMI BARATHY.,FEMALE
PAVITHRA.M,FEMALE
SANGEETHA,FEMALE
RANJANI,FEMALE
SUBHIKSHA,FEMALE
AZRIN MAJEETHA,FEMALE
TAMILARASI,FEMALE
SHREYA,FEMALE
SHARMILA,FEMALE
MANISHMITHRA,FEMALE
NIVEDHA,FEMALE
KRITHI.M.R,FEMALE
SNEHA.,FEMALE
SRUTHI,FEMALE
SRINIDHI.K,FEMALE
REENA,FEMALE
RAKSHANA.,FEMALE
NIVEDHA,FEMALE
YUVASRI,FEMALE
KAMALINI,FEMALE
ANUSIYA ROY,FEMALE
MADHUMITHA,FEMALE
FARIDHA BANU.,FEMALE
RAJASHREE.,FEMALE
KALAIVANI,FEMALE
RAKSHANA,FEMALE
NANDHINI.K,FEMALE
HARITHA,FEMALE
HEMALATHA,FEMALE
ANANDHI,FEMALE
KOWSALYA,FEMALE
MEENAKSHI .,FEMALE
VAISHNAVI.,FEMALE
BARATHI.K,FEMALE
NITHYA PRIYA,FEMALE
SUJITHA,FEMALE
SANGEETHA,FEMALE
JEEVITHA,FEMALE
KANAGA SUGANTHI,FEMALE
INDUMATHI,FEMALE
KAMALI,FEMALE
ANJALI,FEMALE
JANIFAR N,FEMALE
KIRTHIKA.R,FEMALE
POOJA,FEMALE
VARSHA,FEMALE
NISHA,FEMALE
NIVETHA,FEMALE
DHANALAKSHMI,FEMALE
DURGA DEVI,FEMALE
LEELAVTHI,FEMALE
ARTHI.R,FEMALE
SNEGA.K,FEMALE
THANGAMMAL,FEMALE
SWATHI PRIYA,FEMALE
EZHILARASE,FEMALE
MERLIN ASHA,FEMALE
MOHANA,FEMALE
LAVANYA,FEMALE
BHANUPRIYA,FEMALE
AMIRTHA SOBIYA,FEMALE
NISHA,FEMALE
PAVITHRA,FEMALE
SUSILA,FEMALE
SAADHANA,FEMALE
SHALINI,FEMALE
RESHMA,FEMALE
VAISALI,FEMALE
KOWSALYA,FEMALE
SANDHIYA.K,FEMALE
RAKSHITHA,FEMALE
KAVYA H,FEMALE
PAVANA,FEMALE
SWATHI,FEMALE
NIVETHITHA,FEMALE
SHABANA DALI K,FEMALE
DIVYASREE P,FEMALE
VIJAYALAKSHMI,FEMALE
DEEPA,FEMALE
NITHIYA,FEMALE
SHANA JASMEEN K,FEMALE
AMAYA K T,FEMALE
DURGA,FEMALE
PRIYADHARSHINI,FEMALE
VIDYA,FEMALE
ISAI MOZHI,FEMALE
VINOTHINI,FEMALE
PREETHA,FEMALE
YUVAREKHA,FEMALE
PREETHI.,FEMALE
CHAITHRA.,FEMALE
ASWATHI,FEMALE
RAJASREE,FEMALE
PRESELLA SHALAT,FEMALE
SARANYA,FEMALE
PAVITHRA,FEMALE
SHARMINA,FEMALE
AYISHA FATHIMA .,FEMALE
ASWATHI C,FEMALE
SUBALAKSHMI,FEMALE
SALINI,FEMALE
MAHALAKSHMI,FEMALE
SABAR SOWFEROS,FEMALE
SNEHA,FEMALE
GAYATHRY,FEMALE
NAVEENA.R,FEMALE
KABISHA,FEMALE
CHANDRIKA,FEMALE
JOTHI SHREE,FEMALE
ANUSHA,FEMALE
RENUKA.,FEMALE
BREESMA,FEMALE
SHEELA N,FEMALE
JINCY,FEMALE
LAVANYA YADAV,FEMALE
KRIPA,FEMALE
SHAMNA,FEMALE
VARALAKSHMI,FEMALE
AYISHA HANA,FEMALE
ANANYA MADHU,FEMALE
KALAIVANI,FEMALE
APARNASRI,FEMALE
NAMRATHA,FEMALE
RANJINI,FEMALE
YASHASWINI,FEMALE
SHAKTHI,FEMALE
PRIYADARSHINI,FEMALE
SHALINI,FEMALE
JYOTHI,FEMALE
KARTHIGA,FEMALE
AYSHWARYA,FEMALE
LAVANYA,FEMALE
ARPITHA,FEMALE
AMINA,FEMALE
DIVYABHARATHI,FEMALE
SUJATHA,FEMALE
NUFAILA,FEMALE
CHAITHANYA P,FEMALE
SUVETHA,FEMALE
KRISHNAPRIYA,FEMALE
GOPIKA,FEMALE
JINSHA,FEMALE
PAVITHIRA,FEMALE
SHILPA,FEMALE
LAWANYA,FEMALE
PRIYADARSHINI,FEMALE
HARSHITA,FEMALE
MONISHA,FEMALE
THATCHAYINI,FEMALE
VIDHI.,FEMALE
AKANSHA,FEMALE
RASHMITHA BAI,FEMALE
THRISHA,FEMALE
GAYATHRI,FEMALE
NEHA.R,FEMALE
GUNAVATHY,FEMALE
SUBASHINI,FEMALE
HARSHITHA,FEMALE
SUBBULAKSHMI,FEMALE
ISHWARYA,FEMALE
SEETHALAKSHMI.S.M,FEMALE
PAVITHRA,FEMALE
CHINMAYA DEVY,FEMALE
SALINI A,FEMALE
SVETHA V,FEMALE
AMARAJOTHI.R,FEMALE
RESHMAA,FEMALE
SANGAVI,FEMALE
HIMAJA,FEMALE
LENIS,FEMALE
SHLOKA.,FEMALE
ARCHANA,FEMALE
SAHITHYA,FEMALE
ISHWARYA.R,FEMALE
HARINI,FEMALE
SRUTHI C,FEMALE
SHRUTHI,FEMALE
KEERTHI REDDY,FEMALE
AISHWARYA LAKSHMI,FEMALE
DEEKSHITHA,FEMALE
RUPA,FEMALE
KAVITHA,FEMALE
NAVYA,FEMALE
BAKKIYALAKSHMI,FEMALE
YOGALAKSHMI,FEMALE
DURGA,FEMALE
GAYATHRI,FEMALE
LAVANYA,FEMALE
JOTHILAKSHMI,FEMALE
DEEPALAKSHMI,FEMALE
GAYATHRI,FEMALE
ASNA P,FEMALE
HARINI,FEMALE
DARSHINI,FEMALE
SOWMIYA,FEMALE
FATHIMATHUL FIDA V,FEMALE
MANIMOZHI,FEMALE
SANDRA A,FEMALE
ABIRAMI,FEMALE
PREETHI,FEMALE
FARSANA MAJEED,FEMALE
SHANA SHERIN,FEMALE
SHABOOM YASMIN,FEMALE
DEEPIKA,FEMALE
AISHWARYA,FEMALE
ASWANI,FEMALE
HEMAVATHI,FEMALE
NEETHU,FEMALE
MUMTHAS P,FEMALE
SHARIYATH NASREEN,FEMALE
MARSHEENA K,FEMALE
PRIYANKA,FEMALE
SHINUNA SHAMNA A,FEMALE
SARANYA,FEMALE
KESAVARTHINI,FEMALE
AMEENA HISAN A,FEMALE
KAIRUNNISHA,FEMALE
VYSHNAVI K,FEMALE
RAJEESWARI,FEMALE
KATHIJAMA M,FEMALE
RAGAPRIYA,FEMALE
SOSNA,FEMALE
SELVA SHIRIN A,FEMALE
DHILNA FAMIN P,FEMALE
NUSRIYA SHERIN,FEMALE
JUBAIRIYA,FEMALE
MURSHIDA,FEMALE
FATHIMA JASMIN N,FEMALE
MARSHIDA SHARI P,FEMALE
FAKHIRA,FEMALE
NIMYA,FEMALE
FATHIMA SUBHANA P,FEMALE
VRINDA VINOD,FEMALE
SUHAILA,FEMALE
FATHIMA SANA C,FEMALE
SAJNA K,FEMALE
CHANDANA,FEMALE
HARSHITHA,FEMALE
DIVYA SONY,FEMALE
PRIYADHARSHANI,FEMALE
RAMYA,FEMALE
KEERTHANA,FEMALE
ANUSHA,FEMALE
APARNA,FEMALE
HARSHITHA,FEMALE
KAVINI,FEMALE
FARHANA TASLEEM S,FEMALE
YOGESHWARI,FEMALE
GAJALAKSHMI,FEMALE
FATHIMA DILNA A,FEMALE
YOUVARAJASIRI,FEMALE
BAHIYYA,FEMALE
KANISHYA,FEMALE
PRIYADHARSHINI,FEMALE
KARPAGAM,FEMALE
SWETHA.M,FEMALE
GOURI MAHESH,FEMALE
DHAARANI,FEMALE
PRIYANKA,FEMALE
NANDANA.K.K,FEMALE
SALIMA,FEMALE
KEERTHIKA,FEMALE
KARPAGAMBAL,FEMALE
SIVASANKARI,FEMALE
NANDHINI,FEMALE
MAHALAKSHMI,FEMALE
REMYA,FEMALE
RAJALAKSHMI,FEMALE
POORNIMADEVI,FEMALE
AISHWARYA BAI K,FEMALE
AARTHI.M,FEMALE
UTHIRA,FEMALE
PRIYADHARSHINI.M,FEMALE
AGILA,FEMALE
SURIYADHARSHINI,FEMALE
SIVAPRIYA,FEMALE
MADUMITHA,FEMALE
MALA DHANALAKSHMI,FEMALE
HARINI,FEMALE
MONICA.,FEMALE
THOUFIKA,FEMALE
FATHIMA SHAMSUDHEEN,FEMALE
NIVYA,FEMALE
MUHIBBINA JESRA,FEMALE
POOJA,FEMALE
SNEHA.,FEMALE
AARTHI,FEMALE
SHANGAMITHRAA,FEMALE
SALIHA.K,FEMALE
MENAGHA M,FEMALE
PAVITHRA,FEMALE
ANJALI,FEMALE
UMAMAGESWARI,FEMALE
ASWINI,FEMALE
SRIVIDYA,FEMALE
SABILA,FEMALE
BAAKIYASHREE.M,FEMALE
MARFATH P,FEMALE
YUVARANI,FEMALE
DEEPALAKSHMI,FEMALE
JAYAPREETHI,FEMALE
KAMALI,FEMALE
ABINAYA,FEMALE
FATHIMATH RISANA,FEMALE
PRIYADHARSHINI,FEMALE
MANJU.,FEMALE
DEVANANDHA M,FEMALE
FIDHA MAJEED,FEMALE
KAUSHIKA,FEMALE
MATHIARASI,FEMALE
BHARANIKUMARI,FEMALE
KANIMOZHI,FEMALE
SHAHANA SHERIN P,FEMALE
FATHIMA A T,FEMALE
SUHAINA ANWARI,FEMALE
YUVASHREE,FEMALE
SRUTHILAYA,FEMALE
ANIJA K,FEMALE
MANJU MANOJ,FEMALE
SARIGA,FEMALE
SHAKTHI,FEMALE
FATHIMATHU SAFA P,FEMALE
SARUMATHI,FEMALE
SREEGOURI,FEMALE
THILAGAVATHI,FEMALE
SINDHU J,FEMALE
AKSHAYA.K,FEMALE
ISHA,FEMALE
LINI LAZAR,FEMALE
THAMIZHINIYAL,FEMALE
SHAHEENA PARVEEN,FEMALE
SAI HARIYALI,FEMALE
SHAFNA C,FEMALE
RENUGADEVI,FEMALE
HEMA,FEMALE
FAHMITHA M,FEMALE
ASHITHA A,FEMALE
AYANA,FEMALE
ATHULYA P,FEMALE
SNEHA,FEMALE
SANTHIYA,FEMALE
SURYA,FEMALE
PRIYANGA,FEMALE
AISWARYA,FEMALE
NEHA K,FEMALE
SREE LAKSHMI V,FEMALE
SHAHITHA,FEMALE
RESHMA,FEMALE
ANJU,FEMALE
MANIMALA,FEMALE
THAMIZHARASI,FEMALE
ATHIRA.,FEMALE
SOJA C,FEMALE
DIVYA,FEMALE
MADHUMITHA,FEMALE
NISHA PREETHA,FEMALE
PRASANNA DEVI,FEMALE
SNEKA,FEMALE
BHARATHI,FEMALE
SUMAN,FEMALE
KEERTHANA,FEMALE
JOTHILAKSHMI,FEMALE
COUVARTHINI,FEMALE
VIJAYA DURGA,FEMALE
AJITHA,FEMALE
POORNIMA,FEMALE
PAVITHRADEVI,FEMALE
HEMALATHA,FEMALE
RUMANA BANU,FEMALE
SREELAKSHMY,FEMALE
NARMATHA,FEMALE
HEMAMALANI,FEMALE
SANGEETHAVANI.,FEMALE
KAMALESWARI,FEMALE
BAVITHRA,FEMALE
ANTONY MARIA STEPHY,FEMALE
NANDHINI,FEMALE
YAZHINI,FEMALE
SUBATHRA,FEMALE
AGALYA,FEMALE
FATHIMATHU NAIMA C,FEMALE
DHANA PRIYA G,FEMALE
SABITHA,FEMALE
MONISHA,FEMALE
PREETHY,FEMALE
YAMUNADEVI,FEMALE
SHARMILA,FEMALE
SUJITHA,FEMALE
FATHIMA AINA,FEMALE
ATHIRA N,FEMALE
LAVANYA,FEMALE
RUKMANI,FEMALE
PRADEEPA,FEMALE
VINIDA,FEMALE
ABINAYA,FEMALE
KARTHIGAI SELVI,FEMALE
ANUSREE,FEMALE
KASTHURI,FEMALE
SUGESHNA,FEMALE
REVATHI,FEMALE
OVIYA,FEMALE
RAVEENA V,FEMALE
SHAHIDA A,FEMALE
SUJITHA A,FEMALE
ANJU,FEMALE
NEETHU PRAKASAN,FEMALE
SHAHANA SHERIN K,FEMALE
SHANTHINI.,FEMALE
DHEVA DHARISHINI,FEMALE
RESHMA,FEMALE
SARANYA,FEMALE
DHARSHINI,FEMALE
SHIFA FATHIMA N,FEMALE
UMAMAHESWARI,FEMALE
SHADIYA V,FEMALE
JENNIFER,FEMALE
FIZA K,FEMALE
AYANA K,FEMALE
YADU KRISHNA B,FEMALE
NAVYA SATHYAN P,FEMALE
BAKKIYALAKSHMI,FEMALE
KRISHNA PRIYA,FEMALE
ANJANA BALAKRISHNAN K,FEMALE
FATHIMA THANVEERA.,FEMALE
VINAYA,FEMALE
HARITHA.K,FEMALE
ANJU.M,FEMALE
ALAKANANDA SATHYAN,FEMALE
SHAHITHA N,FEMALE
ANJANA,FEMALE
SRI VARTHINI,FEMALE
BHAVANA K,FEMALE
DEVIKA,FEMALE
SHANMUGAPRIYA,FEMALE
RENA FATHIMA,FEMALE
SHAMAHA,FEMALE
ANUPRIYA.,FEMALE
SNEHA,FEMALE
FAJISHA JEBINE,FEMALE
KIRUTHIGA,FEMALE
GOPIKA E,FEMALE
SANJANA,FEMALE
SANA FATHIMA C,FEMALE
FIDHA FATHIMA K,FEMALE
SISBANA P,FEMALE
HANIS FATHIMA,FEMALE
RAJESWARI,FEMALE
KARTHIYAYINI,FEMALE
HAFEEFA,FEMALE
RIFNA BHANU A,FEMALE
NEHALA,FEMALE
FATHIMATHUL SHANIBA,FEMALE
JASEEMA JUMNA,FEMALE
GOPIKA A,FEMALE
RISWANA M,FEMALE
MAHALAKSHMI,FEMALE
ALTHA,FEMALE
THEJA,FEMALE
APARNA,FEMALE
SHAMSIYA,FEMALE
ANILA,FEMALE
SHABEERA SHERIN,FEMALE
NAJA FATHIMA P,FEMALE
NIMISHA.M,FEMALE
JAYA,FEMALE
SAHLA N,FEMALE
RUBASRI.R,FEMALE
THANSHIDA,FEMALE
KEISAR JAHAN,FEMALE
LIYA.P.R,FEMALE
KAMALI,FEMALE
ANAMIKA,FEMALE
FATHIMATHUL HIBA,FEMALE
PASUMATHY,FEMALE
KASHMEERA,FEMALE
DEEPALAKSHMI,FEMALE
NANDHINI,FEMALE
HEMAHARINI,FEMALE
LOGESWARI,FEMALE
SIVARANJINI,FEMALE
NEEMA,FEMALE
NASEHA BANU A,FEMALE
PARVATHY N,FEMALE
SABEENA BEGAM S,FEMALE
GAYATHRI K,FEMALE
SAFA K,FEMALE
SIFNA SHERIN K,FEMALE
PARONMARY,FEMALE
THANSHIRA BEGAM,FEMALE
FATHIMATH SHAHALA,FEMALE
SNEGA,FEMALE
FABNA JABIN,FEMALE
SULFATH.,FEMALE
HARITHA,FEMALE
RISHANA SHARIN,FEMALE
MAHALAKSHMI,FEMALE
FATHIMA MALHA JABEEN,FEMALE
SHAHANA SHARIN,FEMALE
MUHSINA BEEVI K,FEMALE
SAIRABANU M P,FEMALE
SIVANYA VIJAYAN,FEMALE
MADHUMITHA,FEMALE
AVANI T,FEMALE
AMRITHA P,FEMALE
NARMADA,FEMALE
SHARJADA.,FEMALE
BALKEES P,FEMALE
AISWARIYA,FEMALE
FATHIMA FASLA,FEMALE
NIHALA PARVEEN,FEMALE
JAYARANJANI,FEMALE
NEETHU KRISHNA,FEMALE
DILSHANA C,FEMALE
FATHIMA HIBA,FEMALE
FINA JIBIN,FEMALE
FATHIMA MAJIDHA A,FEMALE
FAREEDUL FARSANA E,FEMALE
LUBAIBA JABIN,FEMALE
LAYA PRAMOD,FEMALE
JINSHIDA FEBIN.,FEMALE
FATHIMA RIFA.,FEMALE
FATHIMA SHIBINA,FEMALE
JOUJAN,FEMALE
ANSHIDA,FEMALE
SHUHAINA V,FEMALE
HIBA SHERIN.,FEMALE
ANITHA,FEMALE
ANEETHA.S.K.M,FEMALE
REVATHY,FEMALE
SALINI,FEMALE
BHUVANESHWARI,FEMALE
VALLIAMMAI,FEMALE
FATHIMATH SUHARA V,FEMALE
OVIYA,FEMALE
FATHIMA SHIFA M,FEMALE
LOHITHA,FEMALE
THENNARASI,FEMALE
SHIJA RAFEEQ M,FEMALE
GAYATHRI,FEMALE
APOORVA SREEDHAR,FEMALE
SUBHASHREE,FEMALE
ASHASHIBANA,FEMALE
MONIKA,FEMALE
PRIYADHARSHINI,FEMALE
KAVYA,FEMALE
BAVADHAARINI,FEMALE
ARCHANA SAJEEVAN,FEMALE
KAVITHA,FEMALE
MUBEEN ZAINABA,FEMALE
SASIREKA,FEMALE
NANDHINI,FEMALE
MUNAVIRA,FEMALE
RUDRA P,FEMALE
AMAYA,FEMALE
ANANDHITHA A,FEMALE
RANIYA,FEMALE
MIHRAJ.K,FEMALE
DEVANA,FEMALE
JESIA SOLOMON,FEMALE
SUHANA,FEMALE
NANDITHA,FEMALE
SUNAINA S,FEMALE
SASIKALA,FEMALE
USHA,FEMALE
JASIRA.K,FEMALE
JANETHUL BEERDOS,FEMALE
DEVIKA RATHNAKARAN K,FEMALE
AISWARYA A,FEMALE
DEVIKA K,FEMALE
SANA,FEMALE
NASHVA K,FEMALE
SREEPRIYA VINOD V,FEMALE
NANDANA M,FEMALE
GOPIKA,FEMALE
MUSAINA K,FEMALE
FATHIMA FIDA,FEMALE
SIKHA V,FEMALE
DALIYA VENUGOPAL,FEMALE
SWATHI,FEMALE
NANDHANA,FEMALE
YASMEEN,FEMALE
ANJANA,FEMALE
AISHWARYA,FEMALE
SAHAANASRI.V.M,FEMALE
TEJASWINI,FEMALE
SARANYA.K,FEMALE
AMRUTHA TEJASWINI,FEMALE
NITHYA,FEMALE
ARTHI RATHOR,FEMALE
SUGANYA,FEMALE
DEEPALAKSHMI,FEMALE
RITHIKSHA,FEMALE
RUTHRA,FEMALE
THOSHIKA,FEMALE
ABINAYA M,FEMALE
SANGEETHA,FEMALE
BETHILA.R,FEMALE
SAMITHA,FEMALE
RESHMA,FEMALE
MANSI,FEMALE
HARITHA,FEMALE
THABITHA P,FEMALE
HARIPRIYA,FEMALE
SREKA JABA SRI A,FEMALE
ANANYA,FEMALE
SAI,FEMALE
MAHIMA,FEMALE
ANUPRIYA,FEMALE
PRIYADHARSHINI,FEMALE
KAVYASHREE,FEMALE
CHANDANA,FEMALE
MONICA.M,FEMALE
VICTORIA,FEMALE
SINDHU,FEMALE
AISHWARYA.R,FEMALE
OVIYA,FEMALE
DURGADEVI,FEMALE
DIVYA SHANTHI,FEMALE
PAVITHRA,FEMALE
HEMAVATHI,FEMALE
THANUSHREE B,FEMALE
SANDHYA,FEMALE
KIRTHIKA,FEMALE
AARTHI,FEMALE
SRUTHI.,FEMALE
SHOBANA PRIYA,FEMALE
SRI YALINI C,FEMALE
PREETHI,FEMALE
SWETHA,FEMALE
MADHUMITHA,FEMALE
PAVITHRA,FEMALE
MAHALAKSHMI,FEMALE
ASHVITHA,FEMALE
DURGA,FEMALE
NIVEGEETHA,FEMALE
SWATHIKA,FEMALE
DHANUSHYA K,FEMALE
FATHIMA,FEMALE
SWETHA,FEMALE
AAFRIDA SULAIGHA BEEVI,FEMALE
JESSY JOVITHA,FEMALE
BANAN AAZMI,FEMALE
RITHIKA,FEMALE
SHREYA,FEMALE
VAISHALI,FEMALE
MOHANAPRIYA,FEMALE
SANGAVI,FEMALE
RAJESWARI,FEMALE
KRITHIKA,FEMALE
TANISHA,FEMALE
MERSHIYA,FEMALE
VINIYA,FEMALE
PUSHPALATHA,FEMALE
SANDHIYA.,FEMALE
ANUSHA,FEMALE
CHAITHRA,FEMALE
BHAVYA,FEMALE
ARCHANA,FEMALE
DEEPU,FEMALE
ANJALI,FEMALE
BINDUSHREE,FEMALE
AISHWARYA,FEMALE
POOJA,FEMALE
ROHINI,FEMALE
SWATHI,FEMALE
SHRIVARDHINI.,FEMALE
SUSMITHA,FEMALE
MONISHA,FEMALE
RAKSHITHA,FEMALE
MANASI C,FEMALE
THARANI.R,FEMALE
POOVITHA.R,FEMALE
RACHANA,FEMALE
SHALINI.K,FEMALE
RADHIKA,FEMALE
SARANYA.,FEMALE
SREEJA,FEMALE
RAMYA,FEMALE
NETHRA,FEMALE
RAMYA M,FEMALE
SHALINI,FEMALE
SNEHA,FEMALE
SANDHYA,FEMALE
MEDONA,FEMALE
KRUTHIKA MERCY,FEMALE
PALLAVI.R,FEMALE
SRUSHTI,FEMALE
PREMINDHA,FEMALE
RAVEENA.,FEMALE
SHRUTHI,FEMALE
FIZA.M,FEMALE
DEEPA,FEMALE
POOJASREE,FEMALE
GOPIKA.,FEMALE
RASIKA.K,FEMALE
HARISHMA,FEMALE
RESHMA,FEMALE
VIJAYALAKSHMI,FEMALE
SANDYA LAKSHMI,FEMALE
PIRITHISHA,FEMALE
DHARSHINI,FEMALE
NIVETHA,FEMALE
AKSHAYA,FEMALE
SWETHA,FEMALE
AASHA,FEMALE
DEVADHARSHINI,FEMALE
PREETHI,FEMALE
ROJA,FEMALE
THENMOZHI,FEMALE
KEERTHANA,FEMALE
AKSHAYAVANI,FEMALE
DEEPIKA,FEMALE
SATHYA,FEMALE
SAKTHI,FEMALE
AKSHAYA,FEMALE
MONISHA,FEMALE
HARINI,FEMALE
NITHYA SRI,FEMALE
LAKSHITA,FEMALE
PAVATHARANI,FEMALE
HIROSHINI,FEMALE
CHARULATHA,FEMALE
BHUVANESHWARI,FEMALE
KIRTHIKAA,FEMALE
MOHANALAKSHMI.K,FEMALE
CERUCURY SUSHMA,FEMALE
BRINDHA MERVIN,FEMALE
SRI SAI SHRUTHA,FEMALE
SANGEETHA N,FEMALE
SNEHASRI,FEMALE
VIDHYA SRI,FEMALE
AKALYA,FEMALE
KRADHEENA,FEMALE
PRIYADHARSHINI,FEMALE
PRIYADHARSHINI,FEMALE
AARTHI,FEMALE
GAYATHRI,FEMALE
GOPIKA,FEMALE
GAYATHRI,FEMALE
POOJAA SRI,FEMALE
SHALINI,FEMALE
KAVYA.M,FEMALE
SOWNDARYA,FEMALE
NIVETHA,FEMALE
ORLENE JEMY INFANCIDA,FEMALE
HARINI,FEMALE
ARCHANA,FEMALE
ISWARIYA,FEMALE
JENISHA FLORENCE,FEMALE
REVATHI.R,FEMALE
SAVIDHARINI,FEMALE
SAFRENA,FEMALE
BIRUNDA,FEMALE
VARSHINI,FEMALE
BHUVANESHWARI,FEMALE
ABHINAYA SHREE,FEMALE
DIVYA BHARATHI,FEMALE
NITHIYASRI,FEMALE
SADHANA,FEMALE
SUBHASHINI,FEMALE
SHARADA,FEMALE
LOGESHWARI,FEMALE
PAVITHRAA,FEMALE
DIVYASHREE,FEMALE
SANGEETHA,FEMALE
DHARANI PRIYA,FEMALE
BHARATHI,FEMALE
MEENAKSHI,FEMALE
SANDHIYA,FEMALE
SHALIN,FEMALE
MAHALAKSHMI,FEMALE
MAHALAKSHMI,FEMALE
JYOTHIKA,FEMALE
ABIRAMI,FEMALE
THIRISHA,FEMALE
VARSHNI,FEMALE
AAFREENNAWAZ,FEMALE
PRIYADARSHINI,FEMALE
HEMAMAALINI M,FEMALE
SANJANA,FEMALE
DEEPIKA,FEMALE
BHAVANA J,FEMALE
SWATHI,FEMALE
PRATHIBA,FEMALE
TAANYA,FEMALE
KEERTHANA,FEMALE
LATIF UNNISHA,FEMALE
GOKILA.K,FEMALE
GAYATHRI,FEMALE
VENKATA DEEKSHITHA,FEMALE
PRIYADHARSHINI S,FEMALE
PADMASHRI,FEMALE
DEEPIKA,FEMALE
BALQUISUNISSA,FEMALE
NOORJAHAN RIFANA.,FEMALE
SREESHMA,FEMALE
HARINI,FEMALE
KAMALI,FEMALE
VIJAYALAKSHMI,FEMALE
PRIYADHARSHINI,FEMALE
HARISHA.R,FEMALE
KEERTHANA,FEMALE
ANUSIYA,FEMALE
MAHALAKSHMI,FEMALE
YOGA SRILAKSHMI,FEMALE
JOSE CLARA,FEMALE
DURGESWARI,FEMALE
RAGARANJANI,FEMALE
SANAARIDHA,FEMALE
SOWMIYA,FEMALE
SNEHA.M.K,FEMALE
NANTHINI.,FEMALE
HARINI PADMA LAKSHMI,FEMALE
VINCY,FEMALE
PRIYA,FEMALE
AISHWARYA,FEMALE
PARKAVI.K,FEMALE
KEERTHANA,FEMALE
GOWSHIKA.,FEMALE
AISHWARYA,FEMALE
SWATHI,FEMALE
SARANYA.,FEMALE
MENAKA,FEMALE
KARUMURI ANUSHA,FEMALE
AISWARYA,FEMALE
RAMYA.M,FEMALE
PRIYANKA,FEMALE
AKSHATHA,FEMALE
NITHYA SRI,FEMALE
PRIYADHARSHINI,FEMALE
PRIYA BHARATHI,FEMALE
VINOTHINI,FEMALE
TEKLA,FEMALE
ARDRA,FEMALE
ALAMELU R,FEMALE
SANGEETHA,FEMALE
SNEAGA,FEMALE
THANUJA.K,FEMALE
DEVAMMA,FEMALE
BHUMIKA,FEMALE
PREETHI JASMEEN,FEMALE
KEERTHIKA,FEMALE
GEETHA,FEMALE
RAKSHANA A,FEMALE
SNEHA,FEMALE
RADHIKA,FEMALE
SHWETHA,FEMALE
JEEVA,FEMALE
JEEVITHA DEVI,FEMALE
JEEVITHA,FEMALE
HARINI,FEMALE
ROSEVIDHYASHREE.M,FEMALE
KAVYASHREE,FEMALE
BHAVANI,FEMALE
JAYAPREETHA,FEMALE
DEVI,FEMALE
JANANI,FEMALE
MAHALAKSHMI,FEMALE
ASHWINI,FEMALE
KRITHIKA,FEMALE
DHARSANA,FEMALE
SWATHIKA,FEMALE
CHAANDHINI,FEMALE
PRIYA,FEMALE
DEVI,FEMALE
ABINAYA,FEMALE
MAHIMA,FEMALE
YOVANA YUVATHI,FEMALE
SANJANA,FEMALE
JEEVASHREE,FEMALE
TIKSHANAA,FEMALE
AASHISHA FARITH,FEMALE
MOGANA PRIYA,FEMALE
JOYS BLESSY,FEMALE
AGNES KEZIAH PEARLY,FEMALE
NISTCHEL POOJA,FEMALE
DIVYASHREE,FEMALE
PRIYADHARSHINI,FEMALE
RAKSHANA.R,FEMALE
SHEERIN S,FEMALE
SAQHIBA SAIYEDA S,FEMALE
YASHINI,FEMALE
MATHUMITHRAA,FEMALE
MERLINE,FEMALE
RISHIKA.R,FEMALE
SNEHA,FEMALE
ANITHA,FEMALE
SUJITHA.M,FEMALE
INDU,FEMALE
RAKSHITHA N,FEMALE
ASHITHA MACHAIAH,FEMALE
ANNAPOORNA.,FEMALE
PREETHI,FEMALE
SIVASANKARI,FEMALE
LITHIKA,FEMALE
RAJASHREE,FEMALE
SNEHA,FEMALE
MYTHILY,FEMALE
VINITHA,FEMALE
NIRUPAMA D,FEMALE
SWETHA,FEMALE
TANUSHRI,FEMALE
AKILANDESWARI,FEMALE
NANDHINI,FEMALE
KEERTHANA,FEMALE
PRIYADHASHINI,FEMALE
INDUMATHI,FEMALE
GIJOMOL,FEMALE
DAFFNI MARTHAL,FEMALE
ARUL THENMOZHI,FEMALE
CHETNA,FEMALE
KALPANA M,FEMALE
DHIVYADHARSHINI,FEMALE
SWEETHA,FEMALE
POOJA,FEMALE
RAJALAKSHMI,FEMALE
NIVETHA,FEMALE
SWARNAMBIKA,FEMALE
BHAGYA SHALINI,FEMALE
SANGEETHA,FEMALE
ESAKKI CHITRA,FEMALE
SAKTHI SREE,FEMALE
POOJA B,FEMALE
SHOBANA M,FEMALE
GOMATHI,FEMALE
KOUSALYA,FEMALE
DHIVYAPRIYA,FEMALE
PRADEEPA,FEMALE
DIVYA,FEMALE
SHASHIKALA,FEMALE
SHREENYA K,FEMALE
SUSHMITHA,FEMALE
SUBASHREE,FEMALE
SHIVANI,FEMALE
DIVYA.,FEMALE
MAHESHWARI,FEMALE
VEENA B,FEMALE
VAISHNAVI K,FEMALE
PRIYADARSHINI,FEMALE
DEEKSHA,FEMALE
NAYANA CICILIA,FEMALE
BHAGYALAKSHMI,FEMALE
TRIVENI,FEMALE
ANUSHA.R,FEMALE
DEVI,FEMALE
SIVASAKTHIPRIYA,FEMALE
HARSHITHA V,FEMALE
CHAITRA B,FEMALE
CHAITHRA,FEMALE
DEEPISHA V,FEMALE
NAZIA SULTHANA,FEMALE
KEERTHANA,FEMALE
KEERTHANA T,FEMALE
VALANKANNI,FEMALE
JEEVITHA,FEMALE
ANTO SANDRA,FEMALE
VANDANA,FEMALE
DHANALAKSHMI,FEMALE
POORNIMA,FEMALE
SANOFAR AYISHA,FEMALE
SINDHU,FEMALE
BHARATHI.,FEMALE
PRIYANKA KUMARIE,FEMALE
SWATHI R,FEMALE
KOWSALYA,FEMALE
POOJA,FEMALE
PREMASHREE,FEMALE
YASHICA.M,FEMALE
NAGASWATHI,FEMALE
RITHU SHARMA,FEMALE
SHIVANI M,FEMALE
SUGAPRIYA,FEMALE
SHRUTHI M,FEMALE
MANJULA,FEMALE
JENITHA,FEMALE
KALAIVANI,FEMALE
SANJANA,FEMALE
NANDINI,FEMALE
HARSHITHA,FEMALE
SUMITHRA.R,FEMALE
ROOPA,FEMALE
ABITHA,FEMALE
DEVADHARSHINI,FEMALE
AISHWARIYA I,FEMALE
SWETHA.R,FEMALE
SUSHMITHA,FEMALE
PAVITHRA,FEMALE
YOGA SUDHA,FEMALE
POOJA G,FEMALE
SHIVAANI,FEMALE
JANANI G,FEMALE
JOSHI DAYANA,FEMALE
ABIRAMI,FEMALE
MONISHA,FEMALE
PREETHI,FEMALE
LYDIA PRICILLIN,FEMALE
GUNASHRI,FEMALE
NASRIN SHARIFA RANI,FEMALE
SARITHA,FEMALE
PRIYADHARSHINI.R,FEMALE
AARTHI,FEMALE
ABINAYA,FEMALE
INAKYA,FEMALE
PRIYADHARSHINI.M,FEMALE
ANUPAMA,FEMALE
KERTHANAA,FEMALE
MANISHA,FEMALE
MONISHA.K,FEMALE
JESITHA.R,FEMALE
KRITHIKA LAKSHMI,FEMALE
SWEETHA,FEMALE
LAVANYA,FEMALE
ANUSHA,FEMALE
AISWARYA J,FEMALE
SHREE MATHY,FEMALE
MAHALAKSHMI,FEMALE
PRAVEENA,FEMALE
POOJA M S,FEMALE
PRATHIBA,FEMALE
LAVANYA,FEMALE
IDHAYA MYSTICA,FEMALE
SHALINI,FEMALE
ADITHYA,FEMALE
SHALINI MARIYANA,FEMALE
HARINI,FEMALE
PAROUSIA,FEMALE
RANJITHAA,FEMALE
RANJINI,FEMALE
HARINI,FEMALE
BHARATHI,FEMALE
AISHWARYA AKSHAYA,FEMALE
HEMAPRIYA,FEMALE
MADHUMATHI.,FEMALE
SARANYA,FEMALE
KIRTHIGA,FEMALE
RESHMAA,FEMALE
VIGNESHWARI,FEMALE
KRISHA,FEMALE
YAMINI,FEMALE
SARANYA,FEMALE
ISWARIYA,FEMALE
SANTA,FEMALE
BAVANA,FEMALE
DEVIPRIYA,FEMALE
KALPANA,FEMALE
VINOTHINI,FEMALE
NANDHINIPRIYA,FEMALE
DEEPSHEKA.K,FEMALE
SNEKA,FEMALE
KIRUTHIKA.R,FEMALE
PRIYADHARSHINI,FEMALE
RATHI MEENA,FEMALE
HARINE S,FEMALE
VIJAYALAKSHMI,FEMALE
RETHIKA,FEMALE
MUTHUYOGALAKSHMI,FEMALE
RAGHAVI.M,FEMALE
NITHYASRI,FEMALE
POOOJASREE,FEMALE
HEMAPRIYA,FEMALE
YUVASHINI,FEMALE
PRIYANKA.R,FEMALE
RUSHITHA RAJ,FEMALE
ASHA,FEMALE
SHWETHA,FEMALE
ROLLY MARTIN,FEMALE
SATHYA SREE,FEMALE
SOUNDARYA,FEMALE
FRANCY,FEMALE
DEVADHARSHINI,FEMALE
SATHVIKA,FEMALE
VARSHA,FEMALE
SOWMIYA,FEMALE
RAMADEVI,FEMALE
VARSHA,FEMALE
CAREN EVELYN,FEMALE
DEEPASHA,FEMALE
AASHITHA JAIN,FEMALE
KUMUDHAPRIYA,FEMALE
THARUNYA G,FEMALE
THERESA,FEMALE
APOORVA.M,FEMALE
SANTHIYA.R,FEMALE
SWATHISRI.R,FEMALE
SHIFA NILOFER,FEMALE
SAI DEEPIKA,FEMALE
PONMATHI,FEMALE
DHEEKSHANYA,FEMALE
SOWMIYA,FEMALE
YUVASHREE,FEMALE
NITHYASHREE.,FEMALE
DEVADHARSHINI,FEMALE
NEETHU,FEMALE
DEVIKA,FEMALE
KRITHIKA,FEMALE
CHETNA,FEMALE
USHA,FEMALE
SIVA SANKARI,FEMALE
ARUNA,FEMALE
AARTHI,FEMALE
Nandhana,FEMALE
Mani  ,FEMALE
priyadharshini,FEMALE
Muthulakshmi,FEMALE
Mani,MALE
nanthu,FEMALE
